Id,Name,Lvl,Type,Quality,Color,Power,Skill,Store,Order,Price,Src,Effect,Info
1,Item_1,1,1,0,0,0,111,-1,-1,-1,UIItemIconAtlas/icon_12,,Item_Info_11101
2,Item_2,1,1,0,0,0,111,-1,-1,-1,UIItemIconAtlas/icon_12,,Item_Info_11101
5,Item_5,1,2,0,0,0,111,-1,-1,-1,UIItemIconAtlas/icon_12,,Item_Info_11101
11,Item_11,1,2,0,0,0,111,-1,-1,-1,UIItemIconAtlas/icon_12,,Item_Info_11101
12,Item_12,1,2,0,0,0,111,-1,-1,-1,UIItemIconAtlas/icon_12,,Item_Info_11101
13,Item_13,1,2,0,0,0,111,-1,-1,-1,UIItemIconAtlas/icon_12,,Item_Info_11101
14,Item_14,1,2,0,0,0,111,-1,-1,-1,UIItemIconAtlas/icon_12,,Item_Info_11101
15,Item_15,1,2,0,0,0,111,-1,-1,-1,UIItemIconAtlas/icon_12,,Item_Info_11101
16,Item_16,1,2,0,0,0,111,-1,-1,-1,UIItemIconAtlas/icon_12,,Item_Info_11101
17,Item_17,1,2,0,0,0,111,-1,-1,-1,UIItemIconAtlas/icon_12,,Item_Info_11101
11101_0,Item_11101,1,111,0,0,100,111,1,100,1=1,UIItemIconAtlas/Item_11101,,Item_Info_11101
11101_1,Item_11101,2,111,1,1,200,111,1,101,1=1,UIItemIconAtlas/Item_11101,,Item_Info_11101
11101_2,Item_11101,3,111,2,2,300,111,1,102,1=1,UIItemIconAtlas/Item_11101,,Item_Info_11101
11101_3,Item_11101,4,111,3,3,400,111,1,103,1=1,UIItemIconAtlas/Item_11101,,Item_Info_11101
11101_4,Item_11101,5,111,4,4,500,111,1,104,1=1,UIItemIconAtlas/Item_11101,,Item_Info_11101
11102_0,Item_11102,2,111,0,0,200,111,1,105,1=1,UIItemIconAtlas/Item_11102,,Item_Info_11102
11102_1,Item_11102,3,111,1,1,300,111,1,106,1=1,UIItemIconAtlas/Item_11102,,Item_Info_11102
11102_2,Item_11102,4,111,2,2,400,111,1,107,1=1,UIItemIconAtlas/Item_11102,,Item_Info_11102
11102_3,Item_11102,5,111,3,3,500,111,1,108,1=1,UIItemIconAtlas/Item_11102,,Item_Info_11102
11102_4,Item_11102,6,111,4,4,600,111,1,109,1=1,UIItemIconAtlas/Item_11102,,Item_Info_11102
11103_0,Item_11103,3,111,0,0,300,111,1,110,1=1,UIItemIconAtlas/Item_11103,,Item_Info_11103
11103_1,Item_11103,4,111,1,1,400,111,1,111,1=1,UIItemIconAtlas/Item_11103,,Item_Info_11103
11103_2,Item_11103,5,111,2,2,500,111,1,112,1=1,UIItemIconAtlas/Item_11103,,Item_Info_11103
11103_3,Item_11103,6,111,3,3,600,111,1,113,1=1,UIItemIconAtlas/Item_11103,,Item_Info_11103
11103_4,Item_11103,7,111,4,4,700,111,1,114,1=1,UIItemIconAtlas/Item_11103,,Item_Info_11103
11104_0,Item_11104,4,111,0,0,400,111,1,115,1=1,UIItemIconAtlas/Item_11104,,Item_Info_11104
11104_1,Item_11104,5,111,1,1,500,111,1,116,1=1,UIItemIconAtlas/Item_11104,,Item_Info_11104
11104_2,Item_11104,6,111,2,2,600,111,1,117,1=1,UIItemIconAtlas/Item_11104,,Item_Info_11104
11104_3,Item_11104,7,111,3,3,700,111,1,118,1=1,UIItemIconAtlas/Item_11104,,Item_Info_11104
11104_4,Item_11104,8,111,4,4,800,111,1,119,1=1,UIItemIconAtlas/Item_11104,,Item_Info_11104
11105_0,Item_11105,5,111,0,0,500,111,1,120,1=1,UIItemIconAtlas/Item_11105,,Item_Info_11105
11105_1,Item_11105,6,111,1,1,600,111,1,121,1=1,UIItemIconAtlas/Item_11105,,Item_Info_11105
11105_2,Item_11105,7,111,2,2,700,111,1,122,1=1,UIItemIconAtlas/Item_11105,,Item_Info_11105
11105_3,Item_11105,8,111,3,3,800,111,1,123,1=1,UIItemIconAtlas/Item_11105,,Item_Info_11105
11105_4,Item_11105,9,111,4,4,900,111,1,124,1=1,UIItemIconAtlas/Item_11105,,Item_Info_11105
11106_0,Item_11106,6,111,0,0,600,111,1,125,1=1,UIItemIconAtlas/Item_11106,,Item_Info_11106
11106_1,Item_11106,7,111,1,1,700,111,1,126,1=1,UIItemIconAtlas/Item_11106,,Item_Info_11106
11106_2,Item_11106,8,111,2,2,800,111,1,127,1=1,UIItemIconAtlas/Item_11106,,Item_Info_11106
11106_3,Item_11106,9,111,3,3,900,111,1,128,1=1,UIItemIconAtlas/Item_11106,,Item_Info_11106
11106_4,Item_11106,10,111,4,4,1000,111,1,129,1=1,UIItemIconAtlas/Item_11106,,Item_Info_11106
11107_0,Item_11107,7,111,0,0,700,111,1,130,1=1,UIItemIconAtlas/Item_11107,,Item_Info_11107
11107_1,Item_11107,8,111,1,1,800,111,1,131,1=1,UIItemIconAtlas/Item_11107,,Item_Info_11107
11107_2,Item_11107,9,111,2,2,900,111,1,132,1=1,UIItemIconAtlas/Item_11107,,Item_Info_11107
11107_3,Item_11107,10,111,3,3,1000,111,1,133,1=1,UIItemIconAtlas/Item_11107,,Item_Info_11107
11107_4,Item_11107,11,111,4,4,1100,111,1,134,1=1,UIItemIconAtlas/Item_11107,,Item_Info_11107
11108_0,Item_11108,8,111,0,0,800,111,1,135,1=1,UIItemIconAtlas/Item_11108,,Item_Info_11108
11108_1,Item_11108,9,111,1,1,900,111,1,136,1=1,UIItemIconAtlas/Item_11108,,Item_Info_11108
11108_2,Item_11108,10,111,2,2,1000,111,1,137,1=1,UIItemIconAtlas/Item_11108,,Item_Info_11108
11108_3,Item_11108,11,111,3,3,1100,111,1,138,1=1,UIItemIconAtlas/Item_11108,,Item_Info_11108
11108_4,Item_11108,12,111,4,4,1200,111,1,139,1=1,UIItemIconAtlas/Item_11108,,Item_Info_11108
11109_0,Item_11109,9,111,0,0,900,111,1,140,1=1,UIItemIconAtlas/Item_11109,,Item_Info_11109
11109_1,Item_11109,10,111,1,1,1000,111,1,141,1=1,UIItemIconAtlas/Item_11109,,Item_Info_11109
11109_2,Item_11109,11,111,2,2,1100,111,1,142,1=1,UIItemIconAtlas/Item_11109,,Item_Info_11109
11109_3,Item_11109,12,111,3,3,1200,111,1,143,1=1,UIItemIconAtlas/Item_11109,,Item_Info_11109
11109_4,Item_11109,13,111,4,4,1300,111,1,144,1=1,UIItemIconAtlas/Item_11109,,Item_Info_11109
11110_0,Item_11110,10,111,0,0,1000,111,1,145,1=1,UIItemIconAtlas/Item_11110,,Item_Info_11110
11110_1,Item_11110,11,111,1,1,1100,111,1,146,1=1,UIItemIconAtlas/Item_11110,,Item_Info_11110
11110_2,Item_11110,12,111,2,2,1200,111,1,147,1=1,UIItemIconAtlas/Item_11110,,Item_Info_11110
11110_3,Item_11110,13,111,3,3,1300,111,1,148,1=1,UIItemIconAtlas/Item_11110,,Item_Info_11110
11110_4,Item_11110,14,111,4,4,1400,111,1,149,1=1,UIItemIconAtlas/Item_11110,,Item_Info_11110
11201_0,Item_11201,1,112,0,0,100,111,1,150,1=1,UIItemIconAtlas/Item_11201,,Item_Info_11201
11201_1,Item_11201,2,112,1,1,200,111,1,151,1=1,UIItemIconAtlas/Item_11201,,Item_Info_11201
11201_2,Item_11201,3,112,2,2,300,111,1,152,1=1,UIItemIconAtlas/Item_11201,,Item_Info_11201
11201_3,Item_11201,4,112,3,3,400,111,1,153,1=1,UIItemIconAtlas/Item_11201,,Item_Info_11201
11201_4,Item_11201,5,112,4,4,500,111,1,154,1=1,UIItemIconAtlas/Item_11201,,Item_Info_11201
11202_0,Item_11202,2,112,0,0,200,111,1,155,1=1,UIItemIconAtlas/Item_11202,,Item_Info_11202
11202_1,Item_11202,3,112,1,1,300,111,1,156,1=1,UIItemIconAtlas/Item_11202,,Item_Info_11202
11202_2,Item_11202,4,112,2,2,400,111,1,157,1=1,UIItemIconAtlas/Item_11202,,Item_Info_11202
11202_3,Item_11202,5,112,3,3,500,111,1,158,1=1,UIItemIconAtlas/Item_11202,,Item_Info_11202
11202_4,Item_11202,6,112,4,4,600,111,1,159,1=1,UIItemIconAtlas/Item_11202,,Item_Info_11202
11203_0,Item_11203,3,112,0,0,300,111,1,160,1=1,UIItemIconAtlas/Item_11203,,Item_Info_11203
11203_1,Item_11203,4,112,1,1,400,111,1,161,1=1,UIItemIconAtlas/Item_11203,,Item_Info_11203
11203_2,Item_11203,5,112,2,2,500,111,1,162,1=1,UIItemIconAtlas/Item_11203,,Item_Info_11203
11203_3,Item_11203,6,112,3,3,600,111,1,163,1=1,UIItemIconAtlas/Item_11203,,Item_Info_11203
11203_4,Item_11203,7,112,4,4,700,111,1,164,1=1,UIItemIconAtlas/Item_11203,,Item_Info_11203
11204_0,Item_11204,4,112,0,0,400,111,1,165,1=1,UIItemIconAtlas/Item_11204,,Item_Info_11204
11204_1,Item_11204,5,112,1,1,500,111,1,166,1=1,UIItemIconAtlas/Item_11204,,Item_Info_11204
11204_2,Item_11204,6,112,2,2,600,111,1,167,1=1,UIItemIconAtlas/Item_11204,,Item_Info_11204
11204_3,Item_11204,7,112,3,3,700,111,1,168,1=1,UIItemIconAtlas/Item_11204,,Item_Info_11204
11204_4,Item_11204,8,112,4,4,800,111,1,169,1=1,UIItemIconAtlas/Item_11204,,Item_Info_11204
11205_0,Item_11205,5,112,0,0,500,111,1,170,1=1,UIItemIconAtlas/Item_11205,,Item_Info_11205
11205_1,Item_11205,6,112,1,1,600,111,1,171,1=1,UIItemIconAtlas/Item_11205,,Item_Info_11205
11205_2,Item_11205,7,112,2,2,700,111,1,172,1=1,UIItemIconAtlas/Item_11205,,Item_Info_11205
11205_3,Item_11205,8,112,3,3,800,111,1,173,1=1,UIItemIconAtlas/Item_11205,,Item_Info_11205
11205_4,Item_11205,9,112,4,4,900,111,1,174,1=1,UIItemIconAtlas/Item_11205,,Item_Info_11205
11206_0,Item_11206,6,112,0,0,600,111,1,175,1=1,UIItemIconAtlas/Item_11206,,Item_Info_11206
11206_1,Item_11206,7,112,1,1,700,111,1,176,1=1,UIItemIconAtlas/Item_11206,,Item_Info_11206
11206_2,Item_11206,8,112,2,2,800,111,1,177,1=1,UIItemIconAtlas/Item_11206,,Item_Info_11206
11206_3,Item_11206,9,112,3,3,900,111,1,178,1=1,UIItemIconAtlas/Item_11206,,Item_Info_11206
11206_4,Item_11206,10,112,4,4,1000,111,1,179,1=1,UIItemIconAtlas/Item_11206,,Item_Info_11206
11207_0,Item_11207,7,112,0,0,700,111,1,180,1=1,UIItemIconAtlas/Item_11207,,Item_Info_11207
11207_1,Item_11207,8,112,1,1,800,111,1,181,1=1,UIItemIconAtlas/Item_11207,,Item_Info_11207
11207_2,Item_11207,9,112,2,2,900,111,1,182,1=1,UIItemIconAtlas/Item_11207,,Item_Info_11207
11207_3,Item_11207,10,112,3,3,1000,111,1,183,1=1,UIItemIconAtlas/Item_11207,,Item_Info_11207
11207_4,Item_11207,11,112,4,4,1100,111,1,184,1=1,UIItemIconAtlas/Item_11207,,Item_Info_11207
11208_0,Item_11208,8,112,0,0,800,111,1,185,1=1,UIItemIconAtlas/Item_11208,,Item_Info_11208
11208_1,Item_11208,9,112,1,1,900,111,1,186,1=1,UIItemIconAtlas/Item_11208,,Item_Info_11208
11208_2,Item_11208,10,112,2,2,1000,111,1,187,1=1,UIItemIconAtlas/Item_11208,,Item_Info_11208
11208_3,Item_11208,11,112,3,3,1100,111,1,188,1=1,UIItemIconAtlas/Item_11208,,Item_Info_11208
11208_4,Item_11208,12,112,4,4,1200,111,1,189,1=1,UIItemIconAtlas/Item_11208,,Item_Info_11208
11209_0,Item_11209,9,112,0,0,900,111,1,190,1=1,UIItemIconAtlas/Item_11209,,Item_Info_11209
11209_1,Item_11209,10,112,1,1,1000,111,1,191,1=1,UIItemIconAtlas/Item_11209,,Item_Info_11209
11209_2,Item_11209,11,112,2,2,1100,111,1,192,1=1,UIItemIconAtlas/Item_11209,,Item_Info_11209
11209_3,Item_11209,12,112,3,3,1200,111,1,193,1=1,UIItemIconAtlas/Item_11209,,Item_Info_11209
11209_4,Item_11209,13,112,4,4,1300,111,1,194,1=1,UIItemIconAtlas/Item_11209,,Item_Info_11209
11210_0,Item_11210,10,112,0,0,1000,111,1,195,1=1,UIItemIconAtlas/Item_11210,,Item_Info_11210
11210_1,Item_11210,11,112,1,1,1100,111,1,196,1=1,UIItemIconAtlas/Item_11210,,Item_Info_11210
11210_2,Item_11210,12,112,2,2,1200,111,1,197,1=1,UIItemIconAtlas/Item_11210,,Item_Info_11210
11210_3,Item_11210,13,112,3,3,1300,111,1,198,1=1,UIItemIconAtlas/Item_11210,,Item_Info_11210
11210_4,Item_11210,14,112,4,4,1400,111,1,199,1=1,UIItemIconAtlas/Item_11210,,Item_Info_11210
11301_0,Item_11301,1,113,0,0,100,111,1,200,1=1,UIItemIconAtlas/Item_11301,,Item_Info_11301
11301_1,Item_11301,2,113,1,1,200,111,1,201,1=1,UIItemIconAtlas/Item_11301,,Item_Info_11301
11301_2,Item_11301,3,113,2,2,300,111,1,202,1=1,UIItemIconAtlas/Item_11301,,Item_Info_11301
11301_3,Item_11301,4,113,3,3,400,111,1,203,1=1,UIItemIconAtlas/Item_11301,,Item_Info_11301
11301_4,Item_11301,5,113,4,4,500,111,1,204,1=1,UIItemIconAtlas/Item_11301,,Item_Info_11301
11302_0,Item_11302,2,113,0,0,200,111,1,205,1=1,UIItemIconAtlas/Item_11302,,Item_Info_11301
11302_1,Item_11302,3,113,1,1,300,111,1,206,1=1,UIItemIconAtlas/Item_11302,,Item_Info_11301
11302_2,Item_11302,4,113,2,2,400,111,1,207,1=1,UIItemIconAtlas/Item_11302,,Item_Info_11301
11302_3,Item_11302,5,113,3,3,500,111,1,208,1=1,UIItemIconAtlas/Item_11302,,Item_Info_11301
11302_4,Item_11302,6,113,4,4,600,111,1,209,1=1,UIItemIconAtlas/Item_11302,,Item_Info_11301
11303_0,Item_11303,3,113,0,0,300,111,1,210,1=1,UIItemIconAtlas/Item_11303,,Item_Info_11301
11303_1,Item_11303,4,113,1,1,400,111,1,211,1=1,UIItemIconAtlas/Item_11303,,Item_Info_11301
11303_2,Item_11303,5,113,2,2,500,111,1,212,1=1,UIItemIconAtlas/Item_11303,,Item_Info_11301
11303_3,Item_11303,6,113,3,3,600,111,1,213,1=1,UIItemIconAtlas/Item_11303,,Item_Info_11301
11303_4,Item_11303,7,113,4,4,700,111,1,214,1=1,UIItemIconAtlas/Item_11303,,Item_Info_11301
11304_0,Item_11304,4,113,0,0,400,111,1,215,1=1,UIItemIconAtlas/Item_11304,,Item_Info_11301
11304_1,Item_11304,5,113,1,1,500,111,1,216,1=1,UIItemIconAtlas/Item_11304,,Item_Info_11301
11304_2,Item_11304,6,113,2,2,600,111,1,217,1=1,UIItemIconAtlas/Item_11304,,Item_Info_11301
11304_3,Item_11304,7,113,3,3,700,111,1,218,1=1,UIItemIconAtlas/Item_11304,,Item_Info_11301
11304_4,Item_11304,8,113,4,4,800,111,1,219,1=1,UIItemIconAtlas/Item_11304,,Item_Info_11301
11305_0,Item_11305,5,113,0,0,500,111,1,220,1=1,UIItemIconAtlas/Item_11305,,Item_Info_11301
11305_1,Item_11305,6,113,1,1,600,111,1,221,1=1,UIItemIconAtlas/Item_11305,,Item_Info_11301
11305_2,Item_11305,7,113,2,2,700,111,1,222,1=1,UIItemIconAtlas/Item_11305,,Item_Info_11301
11305_3,Item_11305,8,113,3,3,800,111,1,223,1=1,UIItemIconAtlas/Item_11305,,Item_Info_11301
11305_4,Item_11305,9,113,4,4,900,111,1,224,1=1,UIItemIconAtlas/Item_11305,,Item_Info_11301
11306_0,Item_11306,6,113,0,0,600,111,1,225,1=1,UIItemIconAtlas/Item_11306,,Item_Info_11301
11306_1,Item_11306,7,113,1,1,700,111,1,226,1=1,UIItemIconAtlas/Item_11306,,Item_Info_11301
11306_2,Item_11306,8,113,2,2,800,111,1,227,1=1,UIItemIconAtlas/Item_11306,,Item_Info_11301
11306_3,Item_11306,9,113,3,3,900,111,1,228,1=1,UIItemIconAtlas/Item_11306,,Item_Info_11301
11306_4,Item_11306,10,113,4,4,1000,111,1,229,1=1,UIItemIconAtlas/Item_11306,,Item_Info_11301
11307_0,Item_11307,7,113,0,0,700,111,1,230,1=1,UIItemIconAtlas/Item_11307,,Item_Info_11301
11307_1,Item_11307,8,113,1,1,800,111,1,231,1=1,UIItemIconAtlas/Item_11307,,Item_Info_11301
11307_2,Item_11307,9,113,2,2,900,111,1,232,1=1,UIItemIconAtlas/Item_11307,,Item_Info_11301
11307_3,Item_11307,10,113,3,3,1000,111,1,233,1=1,UIItemIconAtlas/Item_11307,,Item_Info_11301
11307_4,Item_11307,11,113,4,4,1100,111,1,234,1=1,UIItemIconAtlas/Item_11307,,Item_Info_11301
11308_0,Item_11308,8,113,0,0,800,111,1,235,1=1,UIItemIconAtlas/Item_11308,,Item_Info_11301
11308_1,Item_11308,9,113,1,1,900,111,1,236,1=1,UIItemIconAtlas/Item_11308,,Item_Info_11301
11308_2,Item_11308,10,113,2,2,1000,111,1,237,1=1,UIItemIconAtlas/Item_11308,,Item_Info_11301
11308_3,Item_11308,11,113,3,3,1100,111,1,238,1=1,UIItemIconAtlas/Item_11308,,Item_Info_11301
11308_4,Item_11308,12,113,4,4,1200,111,1,239,1=1,UIItemIconAtlas/Item_11308,,Item_Info_11301
11309_0,Item_11309,9,113,0,0,900,111,1,240,1=1,UIItemIconAtlas/Item_11309,,Item_Info_11301
11309_1,Item_11309,10,113,1,1,1000,111,1,241,1=1,UIItemIconAtlas/Item_11309,,Item_Info_11301
11309_2,Item_11309,11,113,2,2,1100,111,1,242,1=1,UIItemIconAtlas/Item_11309,,Item_Info_11301
11309_3,Item_11309,12,113,3,3,1200,111,1,243,1=1,UIItemIconAtlas/Item_11309,,Item_Info_11301
11309_4,Item_11309,13,113,4,4,1300,111,1,244,1=1,UIItemIconAtlas/Item_11309,,Item_Info_11301
11310_0,Item_11310,10,113,0,0,1000,111,1,245,1=1,UIItemIconAtlas/Item_11310,,Item_Info_11301
11310_1,Item_11310,11,113,1,1,1100,111,1,246,1=1,UIItemIconAtlas/Item_11310,,Item_Info_11301
11310_2,Item_11310,12,113,2,2,1200,111,1,247,1=1,UIItemIconAtlas/Item_11310,,Item_Info_11301
11310_3,Item_11310,13,113,3,3,1300,111,1,248,1=1,UIItemIconAtlas/Item_11310,,Item_Info_11301
11310_4,Item_11310,14,113,4,4,1400,111,1,249,1=1,UIItemIconAtlas/Item_11310,,Item_Info_11301
11401_0,Item_11401,1,114,0,0,100,111,1,250,1=1,UIItemIconAtlas/Item_11401,,Item_Info_11401
11401_1,Item_11401,2,114,1,1,200,111,1,251,1=1,UIItemIconAtlas/Item_11401,,Item_Info_11401
11401_2,Item_11401,3,114,2,2,300,111,1,252,1=1,UIItemIconAtlas/Item_11401,,Item_Info_11401
11401_3,Item_11401,4,114,3,3,400,111,1,253,1=1,UIItemIconAtlas/Item_11401,,Item_Info_11401
11401_4,Item_11401,5,114,4,4,500,111,1,254,1=1,UIItemIconAtlas/Item_11401,,Item_Info_11401
11402_0,Item_11402,2,114,0,0,200,111,1,255,1=1,UIItemIconAtlas/Item_11402,,Item_Info_11402
11402_1,Item_11402,3,114,1,1,300,111,1,256,1=1,UIItemIconAtlas/Item_11402,,Item_Info_11402
11402_2,Item_11402,4,114,2,2,400,111,1,257,1=1,UIItemIconAtlas/Item_11402,,Item_Info_11402
11402_3,Item_11402,5,114,3,3,500,111,1,258,1=1,UIItemIconAtlas/Item_11402,,Item_Info_11402
11402_4,Item_11402,6,114,4,4,600,111,1,259,1=1,UIItemIconAtlas/Item_11402,,Item_Info_11402
11403_0,Item_11403,3,114,0,0,300,111,1,260,1=1,UIItemIconAtlas/Item_11403,,Item_Info_11403
11403_1,Item_11403,4,114,1,1,400,111,1,261,1=1,UIItemIconAtlas/Item_11403,,Item_Info_11403
11403_2,Item_11403,5,114,2,2,500,111,1,262,1=1,UIItemIconAtlas/Item_11403,,Item_Info_11403
11403_3,Item_11403,6,114,3,3,600,111,1,263,1=1,UIItemIconAtlas/Item_11403,,Item_Info_11403
11403_4,Item_11403,7,114,4,4,700,111,1,264,1=1,UIItemIconAtlas/Item_11403,,Item_Info_11403
11404_0,Item_11404,4,114,0,0,400,111,1,265,1=1,UIItemIconAtlas/Item_11404,,Item_Info_11404
11404_1,Item_11404,5,114,1,1,500,111,1,266,1=1,UIItemIconAtlas/Item_11404,,Item_Info_11404
11404_2,Item_11404,6,114,2,2,600,111,1,267,1=1,UIItemIconAtlas/Item_11404,,Item_Info_11404
11404_3,Item_11404,7,114,3,3,700,111,1,268,1=1,UIItemIconAtlas/Item_11404,,Item_Info_11404
11404_4,Item_11404,8,114,4,4,800,111,1,269,1=1,UIItemIconAtlas/Item_11404,,Item_Info_11404
11405_0,Item_11405,5,114,0,0,500,111,1,270,1=1,UIItemIconAtlas/Item_11405,,Item_Info_11405
11405_1,Item_11405,6,114,1,1,600,111,1,271,1=1,UIItemIconAtlas/Item_11405,,Item_Info_11405
11405_2,Item_11405,7,114,2,2,700,111,1,272,1=1,UIItemIconAtlas/Item_11405,,Item_Info_11405
11405_3,Item_11405,8,114,3,3,800,111,1,273,1=1,UIItemIconAtlas/Item_11405,,Item_Info_11405
11405_4,Item_11405,9,114,4,4,900,111,1,274,1=1,UIItemIconAtlas/Item_11405,,Item_Info_11405
11406_0,Item_11406,6,114,0,0,600,111,1,275,1=1,UIItemIconAtlas/Item_11406,,Item_Info_11406
11406_1,Item_11406,7,114,1,1,700,111,1,276,1=1,UIItemIconAtlas/Item_11406,,Item_Info_11406
11406_2,Item_11406,8,114,2,2,800,111,1,277,1=1,UIItemIconAtlas/Item_11406,,Item_Info_11406
11406_3,Item_11406,9,114,3,3,900,111,1,278,1=1,UIItemIconAtlas/Item_11406,,Item_Info_11406
11406_4,Item_11406,10,114,4,4,1000,111,1,279,1=1,UIItemIconAtlas/Item_11406,,Item_Info_11406
11407_0,Item_11407,7,114,0,0,700,111,1,280,1=1,UIItemIconAtlas/Item_11407,,Item_Info_11407
11407_1,Item_11407,8,114,1,1,800,111,1,281,1=1,UIItemIconAtlas/Item_11407,,Item_Info_11407
11407_2,Item_11407,9,114,2,2,900,111,1,282,1=1,UIItemIconAtlas/Item_11407,,Item_Info_11407
11407_3,Item_11407,10,114,3,3,1000,111,1,283,1=1,UIItemIconAtlas/Item_11407,,Item_Info_11407
11407_4,Item_11407,11,114,4,4,1100,111,1,284,1=1,UIItemIconAtlas/Item_11407,,Item_Info_11407
11408_0,Item_11408,8,114,0,0,800,111,1,285,1=1,UIItemIconAtlas/Item_11408,,Item_Info_11408
11408_1,Item_11408,9,114,1,1,900,111,1,286,1=1,UIItemIconAtlas/Item_11408,,Item_Info_11408
11408_2,Item_11408,10,114,2,2,1000,111,1,287,1=1,UIItemIconAtlas/Item_11408,,Item_Info_11408
11408_3,Item_11408,11,114,3,3,1100,111,1,288,1=1,UIItemIconAtlas/Item_11408,,Item_Info_11408
11408_4,Item_11408,12,114,4,4,1200,111,1,289,1=1,UIItemIconAtlas/Item_11408,,Item_Info_11408
11409_0,Item_11409,9,114,0,0,900,111,1,290,1=1,UIItemIconAtlas/Item_11409,,Item_Info_11409
11409_1,Item_11409,10,114,1,1,1000,111,1,291,1=1,UIItemIconAtlas/Item_11409,,Item_Info_11409
11409_2,Item_11409,11,114,2,2,1100,111,1,292,1=1,UIItemIconAtlas/Item_11409,,Item_Info_11409
11409_3,Item_11409,12,114,3,3,1200,111,1,293,1=1,UIItemIconAtlas/Item_11409,,Item_Info_11409
11409_4,Item_11409,13,114,4,4,1300,111,1,294,1=1,UIItemIconAtlas/Item_11409,,Item_Info_11409
11410_0,Item_11410,10,114,0,0,1000,111,1,295,1=1,UIItemIconAtlas/Item_11410,,Item_Info_11410
11410_1,Item_11410,11,114,1,1,1100,111,1,296,1=1,UIItemIconAtlas/Item_11410,,Item_Info_11410
11410_2,Item_11410,12,114,2,2,1200,111,1,297,1=1,UIItemIconAtlas/Item_11410,,Item_Info_11410
11410_3,Item_11410,13,114,3,3,1300,111,1,298,1=1,UIItemIconAtlas/Item_11410,,Item_Info_11410
11410_4,Item_11410,14,114,4,4,1400,111,1,299,1=1,UIItemIconAtlas/Item_11410,,Item_Info_11410
12101_0,Item_12101,1,121,0,0,100,111,1,300,1=1,UIItemIconAtlas/Item_12101,,Item_Info_12101
12101_1,Item_12101,2,121,1,1,200,111,1,301,1=1,UIItemIconAtlas/Item_12101,,Item_Info_12101
12101_2,Item_12101,3,121,2,2,300,111,1,302,1=1,UIItemIconAtlas/Item_12101,,Item_Info_12101
12101_3,Item_12101,4,121,3,3,400,111,1,303,1=1,UIItemIconAtlas/Item_12101,,Item_Info_12101
12101_4,Item_12101,5,121,4,4,500,111,1,304,1=1,UIItemIconAtlas/Item_12101,,Item_Info_12101
12102_0,Item_12102,2,121,0,0,200,111,1,305,1=1,UIItemIconAtlas/Item_12102,,Item_Info_12102
12102_1,Item_12102,3,121,1,1,300,111,1,306,1=1,UIItemIconAtlas/Item_12102,,Item_Info_12102
12102_2,Item_12102,4,121,2,2,400,111,1,307,1=1,UIItemIconAtlas/Item_12102,,Item_Info_12102
12102_3,Item_12102,5,121,3,3,500,111,1,308,1=1,UIItemIconAtlas/Item_12102,,Item_Info_12102
12102_4,Item_12102,6,121,4,4,600,111,1,309,1=1,UIItemIconAtlas/Item_12102,,Item_Info_12102
12103_0,Item_12103,3,121,0,0,300,111,1,310,1=1,UIItemIconAtlas/Item_12103,,Item_Info_12103
12103_1,Item_12103,4,121,1,1,400,111,1,311,1=1,UIItemIconAtlas/Item_12103,,Item_Info_12103
12103_2,Item_12103,5,121,2,2,500,111,1,312,1=1,UIItemIconAtlas/Item_12103,,Item_Info_12103
12103_3,Item_12103,6,121,3,3,600,111,1,313,1=1,UIItemIconAtlas/Item_12103,,Item_Info_12103
12103_4,Item_12103,7,121,4,4,700,111,1,314,1=1,UIItemIconAtlas/Item_12103,,Item_Info_12103
12104_0,Item_12104,4,121,0,0,400,111,1,315,1=1,UIItemIconAtlas/Item_12104,,Item_Info_12104
12104_1,Item_12104,5,121,1,1,500,111,1,316,1=1,UIItemIconAtlas/Item_12104,,Item_Info_12104
12104_2,Item_12104,6,121,2,2,600,111,1,317,1=1,UIItemIconAtlas/Item_12104,,Item_Info_12104
12104_3,Item_12104,7,121,3,3,700,111,1,318,1=1,UIItemIconAtlas/Item_12104,,Item_Info_12104
12104_4,Item_12104,8,121,4,4,800,111,1,319,1=1,UIItemIconAtlas/Item_12104,,Item_Info_12104
12105_0,Item_12105,5,121,0,0,500,111,1,320,1=1,UIItemIconAtlas/Item_12105,,Item_Info_12105
12105_1,Item_12105,6,121,1,1,600,111,1,321,1=1,UIItemIconAtlas/Item_12105,,Item_Info_12105
12105_2,Item_12105,7,121,2,2,700,111,1,322,1=1,UIItemIconAtlas/Item_12105,,Item_Info_12105
12105_3,Item_12105,8,121,3,3,800,111,1,323,1=1,UIItemIconAtlas/Item_12105,,Item_Info_12105
12105_4,Item_12105,9,121,4,4,900,111,1,324,1=1,UIItemIconAtlas/Item_12105,,Item_Info_12105
12106_0,Item_12106,6,121,0,0,600,111,1,325,1=1,UIItemIconAtlas/Item_12106,,Item_Info_12106
12106_1,Item_12106,7,121,1,1,700,111,1,326,1=1,UIItemIconAtlas/Item_12106,,Item_Info_12106
12106_2,Item_12106,8,121,2,2,800,111,1,327,1=1,UIItemIconAtlas/Item_12106,,Item_Info_12106
12106_3,Item_12106,9,121,3,3,900,111,1,328,1=1,UIItemIconAtlas/Item_12106,,Item_Info_12106
12106_4,Item_12106,10,121,4,4,1000,111,1,329,1=1,UIItemIconAtlas/Item_12106,,Item_Info_12106
12107_0,Item_12107,7,121,0,0,700,111,1,330,1=1,UIItemIconAtlas/Item_12107,,Item_Info_12107
12107_1,Item_12107,8,121,1,1,800,111,1,331,1=1,UIItemIconAtlas/Item_12107,,Item_Info_12107
12107_2,Item_12107,9,121,2,2,900,111,1,332,1=1,UIItemIconAtlas/Item_12107,,Item_Info_12107
12107_3,Item_12107,10,121,3,3,1000,111,1,333,1=1,UIItemIconAtlas/Item_12107,,Item_Info_12107
12107_4,Item_12107,11,121,4,4,1100,111,1,334,1=1,UIItemIconAtlas/Item_12107,,Item_Info_12107
12108_0,Item_12108,8,121,0,0,800,111,1,335,1=1,UIItemIconAtlas/Item_12108,,Item_Info_12108
12108_1,Item_12108,9,121,1,1,900,111,1,336,1=1,UIItemIconAtlas/Item_12108,,Item_Info_12108
12108_2,Item_12108,10,121,2,2,1000,111,1,337,1=1,UIItemIconAtlas/Item_12108,,Item_Info_12108
12108_3,Item_12108,11,121,3,3,1100,111,1,338,1=1,UIItemIconAtlas/Item_12108,,Item_Info_12108
12108_4,Item_12108,12,121,4,4,1200,111,1,339,1=1,UIItemIconAtlas/Item_12108,,Item_Info_12108
12109_0,Item_12109,9,121,0,0,900,111,1,340,1=1,UIItemIconAtlas/Item_12109,,Item_Info_12109
12109_1,Item_12109,10,121,1,1,1000,111,1,341,1=1,UIItemIconAtlas/Item_12109,,Item_Info_12109
12109_2,Item_12109,11,121,2,2,1100,111,1,342,1=1,UIItemIconAtlas/Item_12109,,Item_Info_12109
12109_3,Item_12109,12,121,3,3,1200,111,1,343,1=1,UIItemIconAtlas/Item_12109,,Item_Info_12109
12109_4,Item_12109,13,121,4,4,1300,111,1,344,1=1,UIItemIconAtlas/Item_12109,,Item_Info_12109
12110_0,Item_12110,10,121,0,0,1000,111,1,345,1=1,UIItemIconAtlas/Item_12110,,Item_Info_12110
12110_1,Item_12110,11,121,1,1,1100,111,1,346,1=1,UIItemIconAtlas/Item_12110,,Item_Info_12110
12110_2,Item_12110,12,121,2,2,1200,111,1,347,1=1,UIItemIconAtlas/Item_12110,,Item_Info_12110
12110_3,Item_12110,13,121,3,3,1300,111,1,348,1=1,UIItemIconAtlas/Item_12110,,Item_Info_12110
12110_4,Item_12110,14,121,4,4,1400,111,1,349,1=1,UIItemIconAtlas/Item_12110,,Item_Info_12110
12201_0,Item_12201,1,122,0,0,100,111,1,350,1=1,UIItemIconAtlas/Item_12201,,Item_Info_12201
12201_1,Item_12201,2,122,1,1,200,111,1,351,1=1,UIItemIconAtlas/Item_12201,,Item_Info_12201
12201_2,Item_12201,3,122,2,2,300,111,1,352,1=1,UIItemIconAtlas/Item_12201,,Item_Info_12201
12201_3,Item_12201,4,122,3,3,400,111,1,353,1=1,UIItemIconAtlas/Item_12201,,Item_Info_12201
12201_4,Item_12201,5,122,4,4,500,111,1,354,1=1,UIItemIconAtlas/Item_12201,,Item_Info_12201
12202_0,Item_12202,2,122,0,0,200,111,1,355,1=1,UIItemIconAtlas/Item_12202,,Item_Info_12202
12202_1,Item_12202,3,122,1,1,300,111,1,356,1=1,UIItemIconAtlas/Item_12202,,Item_Info_12202
12202_2,Item_12202,4,122,2,2,400,111,1,357,1=1,UIItemIconAtlas/Item_12202,,Item_Info_12202
12202_3,Item_12202,5,122,3,3,500,111,1,358,1=1,UIItemIconAtlas/Item_12202,,Item_Info_12202
12202_4,Item_12202,6,122,4,4,600,111,1,359,1=1,UIItemIconAtlas/Item_12202,,Item_Info_12202
12203_0,Item_12203,3,122,0,0,300,111,1,360,1=1,UIItemIconAtlas/Item_12203,,Item_Info_12203
12203_1,Item_12203,4,122,1,1,400,111,1,361,1=1,UIItemIconAtlas/Item_12203,,Item_Info_12203
12203_2,Item_12203,5,122,2,2,500,111,1,362,1=1,UIItemIconAtlas/Item_12203,,Item_Info_12203
12203_3,Item_12203,6,122,3,3,600,111,1,363,1=1,UIItemIconAtlas/Item_12203,,Item_Info_12203
12203_4,Item_12203,7,122,4,4,700,111,1,364,1=1,UIItemIconAtlas/Item_12203,,Item_Info_12203
12204_0,Item_12204,4,122,0,0,400,111,1,365,1=1,UIItemIconAtlas/Item_12204,,Item_Info_12204
12204_1,Item_12204,5,122,1,1,500,111,1,366,1=1,UIItemIconAtlas/Item_12204,,Item_Info_12204
12204_2,Item_12204,6,122,2,2,600,111,1,367,1=1,UIItemIconAtlas/Item_12204,,Item_Info_12204
12204_3,Item_12204,7,122,3,3,700,111,1,368,1=1,UIItemIconAtlas/Item_12204,,Item_Info_12204
12204_4,Item_12204,8,122,4,4,800,111,1,369,1=1,UIItemIconAtlas/Item_12204,,Item_Info_12204
12205_0,Item_12205,5,122,0,0,500,111,1,370,1=1,UIItemIconAtlas/Item_12205,,Item_Info_12205
12205_1,Item_12205,6,122,1,1,600,111,1,371,1=1,UIItemIconAtlas/Item_12205,,Item_Info_12205
12205_2,Item_12205,7,122,2,2,700,111,1,372,1=1,UIItemIconAtlas/Item_12205,,Item_Info_12205
12205_3,Item_12205,8,122,3,3,800,111,1,373,1=1,UIItemIconAtlas/Item_12205,,Item_Info_12205
12205_4,Item_12205,9,122,4,4,900,111,1,374,1=1,UIItemIconAtlas/Item_12205,,Item_Info_12205
12206_0,Item_12206,6,122,0,0,600,111,1,375,1=1,UIItemIconAtlas/Item_12206,,Item_Info_12206
12206_1,Item_12206,7,122,1,1,700,111,1,376,1=1,UIItemIconAtlas/Item_12206,,Item_Info_12206
12206_2,Item_12206,8,122,2,2,800,111,1,377,1=1,UIItemIconAtlas/Item_12206,,Item_Info_12206
12206_3,Item_12206,9,122,3,3,900,111,1,378,1=1,UIItemIconAtlas/Item_12206,,Item_Info_12206
12206_4,Item_12206,10,122,4,4,1000,111,1,379,1=1,UIItemIconAtlas/Item_12206,,Item_Info_12206
12207_0,Item_12207,7,122,0,0,700,111,1,380,1=1,UIItemIconAtlas/Item_12207,,Item_Info_12207
12207_1,Item_12207,8,122,1,1,800,111,1,381,1=1,UIItemIconAtlas/Item_12207,,Item_Info_12207
12207_2,Item_12207,9,122,2,2,900,111,1,382,1=1,UIItemIconAtlas/Item_12207,,Item_Info_12207
12207_3,Item_12207,10,122,3,3,1000,111,1,383,1=1,UIItemIconAtlas/Item_12207,,Item_Info_12207
12207_4,Item_12207,11,122,4,4,1100,111,1,384,1=1,UIItemIconAtlas/Item_12207,,Item_Info_12207
12208_0,Item_12208,8,122,0,0,800,111,1,385,1=1,UIItemIconAtlas/Item_12208,,Item_Info_12208
12208_1,Item_12208,9,122,1,1,900,111,1,386,1=1,UIItemIconAtlas/Item_12208,,Item_Info_12208
12208_2,Item_12208,10,122,2,2,1000,111,1,387,1=1,UIItemIconAtlas/Item_12208,,Item_Info_12208
12208_3,Item_12208,11,122,3,3,1100,111,1,388,1=1,UIItemIconAtlas/Item_12208,,Item_Info_12208
12208_4,Item_12208,12,122,4,4,1200,111,1,389,1=1,UIItemIconAtlas/Item_12208,,Item_Info_12208
12209_0,Item_12209,9,122,0,0,900,111,1,390,1=1,UIItemIconAtlas/Item_12209,,Item_Info_12209
12209_1,Item_12209,10,122,1,1,1000,111,1,391,1=1,UIItemIconAtlas/Item_12209,,Item_Info_12209
12209_2,Item_12209,11,122,2,2,1100,111,1,392,1=1,UIItemIconAtlas/Item_12209,,Item_Info_12209
12209_3,Item_12209,12,122,3,3,1200,111,1,393,1=1,UIItemIconAtlas/Item_12209,,Item_Info_12209
12209_4,Item_12209,13,122,4,4,1300,111,1,394,1=1,UIItemIconAtlas/Item_12209,,Item_Info_12209
12210_0,Item_12210,10,122,0,0,1000,111,1,395,1=1,UIItemIconAtlas/Item_12210,,Item_Info_12210
12210_1,Item_12210,11,122,1,1,1100,111,1,396,1=1,UIItemIconAtlas/Item_12210,,Item_Info_12210
12210_2,Item_12210,12,122,2,2,1200,111,1,397,1=1,UIItemIconAtlas/Item_12210,,Item_Info_12210
12210_3,Item_12210,13,122,3,3,1300,111,1,398,1=1,UIItemIconAtlas/Item_12210,,Item_Info_12210
12210_4,Item_12210,14,122,4,4,1400,111,1,399,1=1,UIItemIconAtlas/Item_12210,,Item_Info_12210
13101_0,Item_13101,1,131,0,0,100,111,1,400,1=1,UIItemIconAtlas/Item_13101,,Item_Info_13101
13101_1,Item_13101,2,131,1,1,200,111,1,401,1=1,UIItemIconAtlas/Item_13101,,Item_Info_13101
13101_2,Item_13101,3,131,2,2,300,111,1,402,1=1,UIItemIconAtlas/Item_13101,,Item_Info_13101
13101_3,Item_13101,4,131,3,3,400,111,1,403,1=1,UIItemIconAtlas/Item_13101,,Item_Info_13101
13101_4,Item_13101,5,131,4,4,500,111,1,404,1=1,UIItemIconAtlas/Item_13101,,Item_Info_13101
13102_0,Item_13102,2,131,0,0,200,111,1,405,1=1,UIItemIconAtlas/Item_13102,,Item_Info_13102
13102_1,Item_13102,3,131,1,1,300,111,1,406,1=1,UIItemIconAtlas/Item_13102,,Item_Info_13102
13102_2,Item_13102,4,131,2,2,400,111,1,407,1=1,UIItemIconAtlas/Item_13102,,Item_Info_13102
13102_3,Item_13102,5,131,3,3,500,111,1,408,1=1,UIItemIconAtlas/Item_13102,,Item_Info_13102
13102_4,Item_13102,6,131,4,4,600,111,1,409,1=1,UIItemIconAtlas/Item_13102,,Item_Info_13102
13103_0,Item_13103,3,131,0,0,300,111,1,410,1=1,UIItemIconAtlas/Item_13103,,Item_Info_13103
13103_1,Item_13103,4,131,1,1,400,111,1,411,1=1,UIItemIconAtlas/Item_13103,,Item_Info_13103
13103_2,Item_13103,5,131,2,2,500,111,1,412,1=1,UIItemIconAtlas/Item_13103,,Item_Info_13103
13103_3,Item_13103,6,131,3,3,600,111,1,413,1=1,UIItemIconAtlas/Item_13103,,Item_Info_13103
13103_4,Item_13103,7,131,4,4,700,111,1,414,1=1,UIItemIconAtlas/Item_13103,,Item_Info_13103
13104_0,Item_13104,4,131,0,0,400,111,1,415,1=1,UIItemIconAtlas/Item_13104,,Item_Info_13104
13104_1,Item_13104,5,131,1,1,500,111,1,416,1=1,UIItemIconAtlas/Item_13104,,Item_Info_13104
13104_2,Item_13104,6,131,2,2,600,111,1,417,1=1,UIItemIconAtlas/Item_13104,,Item_Info_13104
13104_3,Item_13104,7,131,3,3,700,111,1,418,1=1,UIItemIconAtlas/Item_13104,,Item_Info_13104
13104_4,Item_13104,8,131,4,4,800,111,1,419,1=1,UIItemIconAtlas/Item_13104,,Item_Info_13104
13105_0,Item_13105,5,131,0,0,500,111,1,420,1=1,UIItemIconAtlas/Item_13105,,Item_Info_13105
13105_1,Item_13105,6,131,1,1,600,111,1,421,1=1,UIItemIconAtlas/Item_13105,,Item_Info_13105
13105_2,Item_13105,7,131,2,2,700,111,1,422,1=1,UIItemIconAtlas/Item_13105,,Item_Info_13105
13105_3,Item_13105,8,131,3,3,800,111,1,423,1=1,UIItemIconAtlas/Item_13105,,Item_Info_13105
13105_4,Item_13105,9,131,4,4,900,111,1,424,1=1,UIItemIconAtlas/Item_13105,,Item_Info_13105
13106_0,Item_13106,6,131,0,0,600,111,1,425,1=1,UIItemIconAtlas/Item_13106,,Item_Info_13106
13106_1,Item_13106,7,131,1,1,700,111,1,426,1=1,UIItemIconAtlas/Item_13106,,Item_Info_13106
13106_2,Item_13106,8,131,2,2,800,111,1,427,1=1,UIItemIconAtlas/Item_13106,,Item_Info_13106
13106_3,Item_13106,9,131,3,3,900,111,1,428,1=1,UIItemIconAtlas/Item_13106,,Item_Info_13106
13106_4,Item_13106,10,131,4,4,1000,111,1,429,1=1,UIItemIconAtlas/Item_13106,,Item_Info_13106
13107_0,Item_13107,7,131,0,0,700,111,1,430,1=1,UIItemIconAtlas/Item_13107,,Item_Info_13107
13107_1,Item_13107,8,131,1,1,800,111,1,431,1=1,UIItemIconAtlas/Item_13107,,Item_Info_13107
13107_2,Item_13107,9,131,2,2,900,111,1,432,1=1,UIItemIconAtlas/Item_13107,,Item_Info_13107
13107_3,Item_13107,10,131,3,3,1000,111,1,433,1=1,UIItemIconAtlas/Item_13107,,Item_Info_13107
13107_4,Item_13107,11,131,4,4,1100,111,1,434,1=1,UIItemIconAtlas/Item_13107,,Item_Info_13107
13108_0,Item_13108,8,131,0,0,800,111,1,435,1=1,UIItemIconAtlas/Item_13108,,Item_Info_13108
13108_1,Item_13108,9,131,1,1,900,111,1,436,1=1,UIItemIconAtlas/Item_13108,,Item_Info_13108
13108_2,Item_13108,10,131,2,2,1000,111,1,437,1=1,UIItemIconAtlas/Item_13108,,Item_Info_13108
13108_3,Item_13108,11,131,3,3,1100,111,1,438,1=1,UIItemIconAtlas/Item_13108,,Item_Info_13108
13108_4,Item_13108,12,131,4,4,1200,111,1,439,1=1,UIItemIconAtlas/Item_13108,,Item_Info_13108
13109_0,Item_13109,9,131,0,0,900,111,1,440,1=1,UIItemIconAtlas/Item_13109,,Item_Info_13109
13109_1,Item_13109,10,131,1,1,1000,111,1,441,1=1,UIItemIconAtlas/Item_13109,,Item_Info_13109
13109_2,Item_13109,11,131,2,2,1100,111,1,442,1=1,UIItemIconAtlas/Item_13109,,Item_Info_13109
13109_3,Item_13109,12,131,3,3,1200,111,1,443,1=1,UIItemIconAtlas/Item_13109,,Item_Info_13109
13109_4,Item_13109,13,131,4,4,1300,111,1,444,1=1,UIItemIconAtlas/Item_13109,,Item_Info_13109
13110_0,Item_13110,10,131,0,0,1000,111,1,445,1=1,UIItemIconAtlas/Item_13110,,Item_Info_13110
13110_1,Item_13110,11,131,1,1,1100,111,1,446,1=1,UIItemIconAtlas/Item_13110,,Item_Info_13110
13110_2,Item_13110,12,131,2,2,1200,111,1,447,1=1,UIItemIconAtlas/Item_13110,,Item_Info_13110
13110_3,Item_13110,13,131,3,3,1300,111,1,448,1=1,UIItemIconAtlas/Item_13110,,Item_Info_13110
13110_4,Item_13110,14,131,4,4,1400,111,1,449,1=1,UIItemIconAtlas/Item_13110,,Item_Info_13110
13201_0,Item_13201,1,132,0,0,100,111,1,450,1=1,UIItemIconAtlas/Item_13201,,Item_Info_13201
13201_1,Item_13201,2,132,1,1,200,111,1,451,1=1,UIItemIconAtlas/Item_13201,,Item_Info_13201
13201_2,Item_13201,3,132,2,2,300,111,1,452,1=1,UIItemIconAtlas/Item_13201,,Item_Info_13201
13201_3,Item_13201,4,132,3,3,400,111,1,453,1=1,UIItemIconAtlas/Item_13201,,Item_Info_13201
13201_4,Item_13201,5,132,4,4,500,111,1,454,1=1,UIItemIconAtlas/Item_13201,,Item_Info_13201
13202_0,Item_13202,2,132,0,0,200,111,1,455,1=1,UIItemIconAtlas/Item_13202,,Item_Info_13202
13202_1,Item_13202,3,132,1,1,300,111,1,456,1=1,UIItemIconAtlas/Item_13202,,Item_Info_13202
13202_2,Item_13202,4,132,2,2,400,111,1,457,1=1,UIItemIconAtlas/Item_13202,,Item_Info_13202
13202_3,Item_13202,5,132,3,3,500,111,1,458,1=1,UIItemIconAtlas/Item_13202,,Item_Info_13202
13202_4,Item_13202,6,132,4,4,600,111,1,459,1=1,UIItemIconAtlas/Item_13202,,Item_Info_13202
13203_0,Item_13203,3,132,0,0,300,111,1,460,1=1,UIItemIconAtlas/Item_13203,,Item_Info_13203
13203_1,Item_13203,4,132,1,1,400,111,1,461,1=1,UIItemIconAtlas/Item_13203,,Item_Info_13203
13203_2,Item_13203,5,132,2,2,500,111,1,462,1=1,UIItemIconAtlas/Item_13203,,Item_Info_13203
13203_3,Item_13203,6,132,3,3,600,111,1,463,1=1,UIItemIconAtlas/Item_13203,,Item_Info_13203
13203_4,Item_13203,7,132,4,4,700,111,1,464,1=1,UIItemIconAtlas/Item_13203,,Item_Info_13203
13204_0,Item_13204,4,132,0,0,400,111,1,465,1=1,UIItemIconAtlas/Item_13204,,Item_Info_13204
13204_1,Item_13204,5,132,1,1,500,111,1,466,1=1,UIItemIconAtlas/Item_13204,,Item_Info_13204
13204_2,Item_13204,6,132,2,2,600,111,1,467,1=1,UIItemIconAtlas/Item_13204,,Item_Info_13204
13204_3,Item_13204,7,132,3,3,700,111,1,468,1=1,UIItemIconAtlas/Item_13204,,Item_Info_13204
13204_4,Item_13204,8,132,4,4,800,111,1,469,1=1,UIItemIconAtlas/Item_13204,,Item_Info_13204
13205_0,Item_13205,5,132,0,0,500,111,1,470,1=1,UIItemIconAtlas/Item_13205,,Item_Info_13205
13205_1,Item_13205,6,132,1,1,600,111,1,471,1=1,UIItemIconAtlas/Item_13205,,Item_Info_13205
13205_2,Item_13205,7,132,2,2,700,111,1,472,1=1,UIItemIconAtlas/Item_13205,,Item_Info_13205
13205_3,Item_13205,8,132,3,3,800,111,1,473,1=1,UIItemIconAtlas/Item_13205,,Item_Info_13205
13205_4,Item_13205,9,132,4,4,900,111,1,474,1=1,UIItemIconAtlas/Item_13205,,Item_Info_13205
13206_0,Item_13206,6,132,0,0,600,111,1,475,1=1,UIItemIconAtlas/Item_13206,,Item_Info_13206
13206_1,Item_13206,7,132,1,1,700,111,1,476,1=1,UIItemIconAtlas/Item_13206,,Item_Info_13206
13206_2,Item_13206,8,132,2,2,800,111,1,477,1=1,UIItemIconAtlas/Item_13206,,Item_Info_13206
13206_3,Item_13206,9,132,3,3,900,111,1,478,1=1,UIItemIconAtlas/Item_13206,,Item_Info_13206
13206_4,Item_13206,10,132,4,4,1000,111,1,479,1=1,UIItemIconAtlas/Item_13206,,Item_Info_13206
13207_0,Item_13207,7,132,0,0,700,111,1,480,1=1,UIItemIconAtlas/Item_13207,,Item_Info_13207
13207_1,Item_13207,8,132,1,1,800,111,1,481,1=1,UIItemIconAtlas/Item_13207,,Item_Info_13207
13207_2,Item_13207,9,132,2,2,900,111,1,482,1=1,UIItemIconAtlas/Item_13207,,Item_Info_13207
13207_3,Item_13207,10,132,3,3,1000,111,1,483,1=1,UIItemIconAtlas/Item_13207,,Item_Info_13207
13207_4,Item_13207,11,132,4,4,1100,111,1,484,1=1,UIItemIconAtlas/Item_13207,,Item_Info_13207
13208_0,Item_13208,8,132,0,0,800,111,1,485,1=1,UIItemIconAtlas/Item_13208,,Item_Info_13208
13208_1,Item_13208,9,132,1,1,900,111,1,486,1=1,UIItemIconAtlas/Item_13208,,Item_Info_13208
13208_2,Item_13208,10,132,2,2,1000,111,1,487,1=1,UIItemIconAtlas/Item_13208,,Item_Info_13208
13208_3,Item_13208,11,132,3,3,1100,111,1,488,1=1,UIItemIconAtlas/Item_13208,,Item_Info_13208
13208_4,Item_13208,12,132,4,4,1200,111,1,489,1=1,UIItemIconAtlas/Item_13208,,Item_Info_13208
13209_0,Item_13209,9,132,0,0,900,111,1,490,1=1,UIItemIconAtlas/Item_13209,,Item_Info_13209
13209_1,Item_13209,10,132,1,1,1000,111,1,491,1=1,UIItemIconAtlas/Item_13209,,Item_Info_13209
13209_2,Item_13209,11,132,2,2,1100,111,1,492,1=1,UIItemIconAtlas/Item_13209,,Item_Info_13209
13209_3,Item_13209,12,132,3,3,1200,111,1,493,1=1,UIItemIconAtlas/Item_13209,,Item_Info_13209
13209_4,Item_13209,13,132,4,4,1300,111,1,494,1=1,UIItemIconAtlas/Item_13209,,Item_Info_13209
13210_0,Item_13210,10,132,0,0,1000,111,1,495,1=1,UIItemIconAtlas/Item_13210,,Item_Info_13210
13210_1,Item_13210,11,132,1,1,1100,111,1,496,1=1,UIItemIconAtlas/Item_13210,,Item_Info_13210
13210_2,Item_13210,12,132,2,2,1200,111,1,497,1=1,UIItemIconAtlas/Item_13210,,Item_Info_13210
13210_3,Item_13210,13,132,3,3,1300,111,1,498,1=1,UIItemIconAtlas/Item_13210,,Item_Info_13210
13210_4,Item_13210,14,132,4,4,1400,111,1,499,1=1,UIItemIconAtlas/Item_13210,,Item_Info_13210
13301_0,Item_13301,1,133,0,0,100,111,1,500,1=1,UIItemIconAtlas/Item_13301,,Item_Info_13301
13301_1,Item_13301,2,133,1,1,200,111,1,501,1=1,UIItemIconAtlas/Item_13301,,Item_Info_13301
13301_2,Item_13301,3,133,2,2,300,111,1,502,1=1,UIItemIconAtlas/Item_13301,,Item_Info_13301
13301_3,Item_13301,4,133,3,3,400,111,1,503,1=1,UIItemIconAtlas/Item_13301,,Item_Info_13301
13301_4,Item_13301,5,133,4,4,500,111,1,504,1=1,UIItemIconAtlas/Item_13301,,Item_Info_13301
13302_0,Item_13302,2,133,0,0,200,111,1,505,1=1,UIItemIconAtlas/Item_13302,,Item_Info_13302
13302_1,Item_13302,3,133,1,1,300,111,1,506,1=1,UIItemIconAtlas/Item_13302,,Item_Info_13302
13302_2,Item_13302,4,133,2,2,400,111,1,507,1=1,UIItemIconAtlas/Item_13302,,Item_Info_13302
13302_3,Item_13302,5,133,3,3,500,111,1,508,1=1,UIItemIconAtlas/Item_13302,,Item_Info_13302
13302_4,Item_13302,6,133,4,4,600,111,1,509,1=1,UIItemIconAtlas/Item_13302,,Item_Info_13302
13303_0,Item_13303,3,133,0,0,300,111,1,510,1=1,UIItemIconAtlas/Item_13303,,Item_Info_13303
13303_1,Item_13303,4,133,1,1,400,111,1,511,1=1,UIItemIconAtlas/Item_13303,,Item_Info_13303
13303_2,Item_13303,5,133,2,2,500,111,1,512,1=1,UIItemIconAtlas/Item_13303,,Item_Info_13303
13303_3,Item_13303,6,133,3,3,600,111,1,513,1=1,UIItemIconAtlas/Item_13303,,Item_Info_13303
13303_4,Item_13303,7,133,4,4,700,111,1,514,1=1,UIItemIconAtlas/Item_13303,,Item_Info_13303
13304_0,Item_13304,4,133,0,0,400,111,1,515,1=1,UIItemIconAtlas/Item_13304,,Item_Info_13304
13304_1,Item_13304,5,133,1,1,500,111,1,516,1=1,UIItemIconAtlas/Item_13304,,Item_Info_13304
13304_2,Item_13304,6,133,2,2,600,111,1,517,1=1,UIItemIconAtlas/Item_13304,,Item_Info_13304
13304_3,Item_13304,7,133,3,3,700,111,1,518,1=1,UIItemIconAtlas/Item_13304,,Item_Info_13304
13304_4,Item_13304,8,133,4,4,800,111,1,519,1=1,UIItemIconAtlas/Item_13304,,Item_Info_13304
13305_0,Item_13305,5,133,0,0,500,111,1,520,1=1,UIItemIconAtlas/Item_13305,,Item_Info_13305
13305_1,Item_13305,6,133,1,1,600,111,1,521,1=1,UIItemIconAtlas/Item_13305,,Item_Info_13305
13305_2,Item_13305,7,133,2,2,700,111,1,522,1=1,UIItemIconAtlas/Item_13305,,Item_Info_13305
13305_3,Item_13305,8,133,3,3,800,111,1,523,1=1,UIItemIconAtlas/Item_13305,,Item_Info_13305
13305_4,Item_13305,9,133,4,4,900,111,1,524,1=1,UIItemIconAtlas/Item_13305,,Item_Info_13305
13306_0,Item_13306,6,133,0,0,600,111,1,525,1=1,UIItemIconAtlas/Item_13306,,Item_Info_13306
13306_1,Item_13306,7,133,1,1,700,111,1,526,1=1,UIItemIconAtlas/Item_13306,,Item_Info_13306
13306_2,Item_13306,8,133,2,2,800,111,1,527,1=1,UIItemIconAtlas/Item_13306,,Item_Info_13306
13306_3,Item_13306,9,133,3,3,900,111,1,528,1=1,UIItemIconAtlas/Item_13306,,Item_Info_13306
13306_4,Item_13306,10,133,4,4,1000,111,1,529,1=1,UIItemIconAtlas/Item_13306,,Item_Info_13306
13307_0,Item_13307,7,133,0,0,700,111,1,530,1=1,UIItemIconAtlas/Item_13307,,Item_Info_13307
13307_1,Item_13307,8,133,1,1,800,111,1,531,1=1,UIItemIconAtlas/Item_13307,,Item_Info_13307
13307_2,Item_13307,9,133,2,2,900,111,1,532,1=1,UIItemIconAtlas/Item_13307,,Item_Info_13307
13307_3,Item_13307,10,133,3,3,1000,111,1,533,1=1,UIItemIconAtlas/Item_13307,,Item_Info_13307
13307_4,Item_13307,11,133,4,4,1100,111,1,534,1=1,UIItemIconAtlas/Item_13307,,Item_Info_13307
13308_0,Item_13308,8,133,0,0,800,111,1,535,1=1,UIItemIconAtlas/Item_13308,,Item_Info_13308
13308_1,Item_13308,9,133,1,1,900,111,1,536,1=1,UIItemIconAtlas/Item_13308,,Item_Info_13308
13308_2,Item_13308,10,133,2,2,1000,111,1,537,1=1,UIItemIconAtlas/Item_13308,,Item_Info_13308
13308_3,Item_13308,11,133,3,3,1100,111,1,538,1=1,UIItemIconAtlas/Item_13308,,Item_Info_13308
13308_4,Item_13308,12,133,4,4,1200,111,1,539,1=1,UIItemIconAtlas/Item_13308,,Item_Info_13308
13309_0,Item_13309,9,133,0,0,900,111,1,540,1=1,UIItemIconAtlas/Item_13309,,Item_Info_13309
13309_1,Item_13309,10,133,1,1,1000,111,1,541,1=1,UIItemIconAtlas/Item_13309,,Item_Info_13309
13309_2,Item_13309,11,133,2,2,1100,111,1,542,1=1,UIItemIconAtlas/Item_13309,,Item_Info_13309
13309_3,Item_13309,12,133,3,3,1200,111,1,543,1=1,UIItemIconAtlas/Item_13309,,Item_Info_13309
13309_4,Item_13309,13,133,4,4,1300,111,1,544,1=1,UIItemIconAtlas/Item_13309,,Item_Info_13309
13310_0,Item_13310,10,133,0,0,1000,111,1,545,1=1,UIItemIconAtlas/Item_13310,,Item_Info_13310
13310_1,Item_13310,11,133,1,1,1100,111,1,546,1=1,UIItemIconAtlas/Item_13310,,Item_Info_13310
13310_2,Item_13310,12,133,2,2,1200,111,1,547,1=1,UIItemIconAtlas/Item_13310,,Item_Info_13310
13310_3,Item_13310,13,133,3,3,1300,111,1,548,1=1,UIItemIconAtlas/Item_13310,,Item_Info_13310
13310_4,Item_13310,14,133,4,4,1400,111,1,549,1=1,UIItemIconAtlas/Item_13310,,Item_Info_13310
14101_0,Item_14101,1,141,0,0,100,111,1,550,1=1,UIItemIconAtlas/Item_14101,,Item_Info_14101
14101_1,Item_14101,2,141,1,1,200,111,1,551,1=1,UIItemIconAtlas/Item_14101,,Item_Info_14101
14101_2,Item_14101,3,141,2,2,300,111,1,552,1=1,UIItemIconAtlas/Item_14101,,Item_Info_14101
14101_3,Item_14101,4,141,3,3,400,111,1,553,1=1,UIItemIconAtlas/Item_14101,,Item_Info_14101
14101_4,Item_14101,5,141,4,4,500,111,1,554,1=1,UIItemIconAtlas/Item_14101,,Item_Info_14101
14102_0,Item_14102,2,141,0,0,200,111,1,555,1=1,UIItemIconAtlas/Item_14102,,Item_Info_14102
14102_1,Item_14102,3,141,1,1,300,111,1,556,1=1,UIItemIconAtlas/Item_14102,,Item_Info_14102
14102_2,Item_14102,4,141,2,2,400,111,1,557,1=1,UIItemIconAtlas/Item_14102,,Item_Info_14102
14102_3,Item_14102,5,141,3,3,500,111,1,558,1=1,UIItemIconAtlas/Item_14102,,Item_Info_14102
14102_4,Item_14102,6,141,4,4,600,111,1,559,1=1,UIItemIconAtlas/Item_14102,,Item_Info_14102
14103_0,Item_14103,3,141,0,0,300,111,1,560,1=1,UIItemIconAtlas/Item_14103,,Item_Info_14103
14103_1,Item_14103,4,141,1,1,400,111,1,561,1=1,UIItemIconAtlas/Item_14103,,Item_Info_14103
14103_2,Item_14103,5,141,2,2,500,111,1,562,1=1,UIItemIconAtlas/Item_14103,,Item_Info_14103
14103_3,Item_14103,6,141,3,3,600,111,1,563,1=1,UIItemIconAtlas/Item_14103,,Item_Info_14103
14103_4,Item_14103,7,141,4,4,700,111,1,564,1=1,UIItemIconAtlas/Item_14103,,Item_Info_14103
14104_0,Item_14104,4,141,0,0,400,111,1,565,1=1,UIItemIconAtlas/Item_14104,,Item_Info_14104
14104_1,Item_14104,5,141,1,1,500,111,1,566,1=1,UIItemIconAtlas/Item_14104,,Item_Info_14104
14104_2,Item_14104,6,141,2,2,600,111,1,567,1=1,UIItemIconAtlas/Item_14104,,Item_Info_14104
14104_3,Item_14104,7,141,3,3,700,111,1,568,1=1,UIItemIconAtlas/Item_14104,,Item_Info_14104
14104_4,Item_14104,8,141,4,4,800,111,1,569,1=1,UIItemIconAtlas/Item_14104,,Item_Info_14104
14105_0,Item_14105,5,141,0,0,500,111,1,570,1=1,UIItemIconAtlas/Item_14105,,Item_Info_14105
14105_1,Item_14105,6,141,1,1,600,111,1,571,1=1,UIItemIconAtlas/Item_14105,,Item_Info_14105
14105_2,Item_14105,7,141,2,2,700,111,1,572,1=1,UIItemIconAtlas/Item_14105,,Item_Info_14105
14105_3,Item_14105,8,141,3,3,800,111,1,573,1=1,UIItemIconAtlas/Item_14105,,Item_Info_14105
14105_4,Item_14105,9,141,4,4,900,111,1,574,1=1,UIItemIconAtlas/Item_14105,,Item_Info_14105
14106_0,Item_14106,6,141,0,0,600,111,1,575,1=1,UIItemIconAtlas/Item_14106,,Item_Info_14106
14106_1,Item_14106,7,141,1,1,700,111,1,576,1=1,UIItemIconAtlas/Item_14106,,Item_Info_14106
14106_2,Item_14106,8,141,2,2,800,111,1,577,1=1,UIItemIconAtlas/Item_14106,,Item_Info_14106
14106_3,Item_14106,9,141,3,3,900,111,1,578,1=1,UIItemIconAtlas/Item_14106,,Item_Info_14106
14106_4,Item_14106,10,141,4,4,1000,111,1,579,1=1,UIItemIconAtlas/Item_14106,,Item_Info_14106
14107_0,Item_14107,7,141,0,0,700,111,1,580,1=1,UIItemIconAtlas/Item_14107,,Item_Info_14107
14107_1,Item_14107,8,141,1,1,800,111,1,581,1=1,UIItemIconAtlas/Item_14107,,Item_Info_14107
14107_2,Item_14107,9,141,2,2,900,111,1,582,1=1,UIItemIconAtlas/Item_14107,,Item_Info_14107
14107_3,Item_14107,10,141,3,3,1000,111,1,583,1=1,UIItemIconAtlas/Item_14107,,Item_Info_14107
14107_4,Item_14107,11,141,4,4,1100,111,1,584,1=1,UIItemIconAtlas/Item_14107,,Item_Info_14107
14108_0,Item_14108,8,141,0,0,800,111,1,585,1=1,UIItemIconAtlas/Item_14108,,Item_Info_14108
14108_1,Item_14108,9,141,1,1,900,111,1,586,1=1,UIItemIconAtlas/Item_14108,,Item_Info_14108
14108_2,Item_14108,10,141,2,2,1000,111,1,587,1=1,UIItemIconAtlas/Item_14108,,Item_Info_14108
14108_3,Item_14108,11,141,3,3,1100,111,1,588,1=1,UIItemIconAtlas/Item_14108,,Item_Info_14108
14108_4,Item_14108,12,141,4,4,1200,111,1,589,1=1,UIItemIconAtlas/Item_14108,,Item_Info_14108
14109_0,Item_14109,9,141,0,0,900,111,1,590,1=1,UIItemIconAtlas/Item_14109,,Item_Info_14109
14109_1,Item_14109,10,141,1,1,1000,111,1,591,1=1,UIItemIconAtlas/Item_14109,,Item_Info_14109
14109_2,Item_14109,11,141,2,2,1100,111,1,592,1=1,UIItemIconAtlas/Item_14109,,Item_Info_14109
14109_3,Item_14109,12,141,3,3,1200,111,1,593,1=1,UIItemIconAtlas/Item_14109,,Item_Info_14109
14109_4,Item_14109,13,141,4,4,1300,111,1,594,1=1,UIItemIconAtlas/Item_14109,,Item_Info_14109
14110_0,Item_14110,10,141,0,0,1000,111,1,595,1=1,UIItemIconAtlas/Item_14110,,Item_Info_14110
14110_1,Item_14110,11,141,1,1,1100,111,1,596,1=1,UIItemIconAtlas/Item_14110,,Item_Info_14110
14110_2,Item_14110,12,141,2,2,1200,111,1,597,1=1,UIItemIconAtlas/Item_14110,,Item_Info_14110
14110_3,Item_14110,13,141,3,3,1300,111,1,598,1=1,UIItemIconAtlas/Item_14110,,Item_Info_14110
14110_4,Item_14110,14,141,4,4,1400,111,1,599,1=1,UIItemIconAtlas/Item_14110,,Item_Info_14110
14201_0,Item_14201,1,142,0,0,100,111,1,600,1=1,UIItemIconAtlas/Item_14201,,Item_Info_14201
14201_1,Item_14201,2,142,1,1,200,111,1,601,1=1,UIItemIconAtlas/Item_14201,,Item_Info_14201
14201_2,Item_14201,3,142,2,2,300,111,1,602,1=1,UIItemIconAtlas/Item_14201,,Item_Info_14201
14201_3,Item_14201,4,142,3,3,400,111,1,603,1=1,UIItemIconAtlas/Item_14201,,Item_Info_14201
14201_4,Item_14201,5,142,4,4,500,111,1,604,1=1,UIItemIconAtlas/Item_14201,,Item_Info_14201
14202_0,Item_14202,2,142,0,0,200,111,1,605,1=1,UIItemIconAtlas/Item_14202,,Item_Info_14202
14202_1,Item_14202,3,142,1,1,300,111,1,606,1=1,UIItemIconAtlas/Item_14202,,Item_Info_14202
14202_2,Item_14202,4,142,2,2,400,111,1,607,1=1,UIItemIconAtlas/Item_14202,,Item_Info_14202
14202_3,Item_14202,5,142,3,3,500,111,1,608,1=1,UIItemIconAtlas/Item_14202,,Item_Info_14202
14202_4,Item_14202,6,142,4,4,600,111,1,609,1=1,UIItemIconAtlas/Item_14202,,Item_Info_14202
14203_0,Item_14203,3,142,0,0,300,111,1,610,1=1,UIItemIconAtlas/Item_14203,,Item_Info_14203
14203_1,Item_14203,4,142,1,1,400,111,1,611,1=1,UIItemIconAtlas/Item_14203,,Item_Info_14203
14203_2,Item_14203,5,142,2,2,500,111,1,612,1=1,UIItemIconAtlas/Item_14203,,Item_Info_14203
14203_3,Item_14203,6,142,3,3,600,111,1,613,1=1,UIItemIconAtlas/Item_14203,,Item_Info_14203
14203_4,Item_14203,7,142,4,4,700,111,1,614,1=1,UIItemIconAtlas/Item_14203,,Item_Info_14203
14204_0,Item_14204,4,142,0,0,400,111,1,615,1=1,UIItemIconAtlas/Item_14204,,Item_Info_14204
14204_1,Item_14204,5,142,1,1,500,111,1,616,1=1,UIItemIconAtlas/Item_14204,,Item_Info_14204
14204_2,Item_14204,6,142,2,2,600,111,1,617,1=1,UIItemIconAtlas/Item_14204,,Item_Info_14204
14204_3,Item_14204,7,142,3,3,700,111,1,618,1=1,UIItemIconAtlas/Item_14204,,Item_Info_14204
14204_4,Item_14204,8,142,4,4,800,111,1,619,1=1,UIItemIconAtlas/Item_14204,,Item_Info_14204
14205_0,Item_14205,5,142,0,0,500,111,1,620,1=1,UIItemIconAtlas/Item_14205,,Item_Info_14205
14205_1,Item_14205,6,142,1,1,600,111,1,621,1=1,UIItemIconAtlas/Item_14205,,Item_Info_14205
14205_2,Item_14205,7,142,2,2,700,111,1,622,1=1,UIItemIconAtlas/Item_14205,,Item_Info_14205
14205_3,Item_14205,8,142,3,3,800,111,1,623,1=1,UIItemIconAtlas/Item_14205,,Item_Info_14205
14205_4,Item_14205,9,142,4,4,900,111,1,624,1=1,UIItemIconAtlas/Item_14205,,Item_Info_14205
14206_0,Item_14206,6,142,0,0,600,111,1,625,1=1,UIItemIconAtlas/Item_14206,,Item_Info_14206
14206_1,Item_14206,7,142,1,1,700,111,1,626,1=1,UIItemIconAtlas/Item_14206,,Item_Info_14206
14206_2,Item_14206,8,142,2,2,800,111,1,627,1=1,UIItemIconAtlas/Item_14206,,Item_Info_14206
14206_3,Item_14206,9,142,3,3,900,111,1,628,1=1,UIItemIconAtlas/Item_14206,,Item_Info_14206
14206_4,Item_14206,10,142,4,4,1000,111,1,629,1=1,UIItemIconAtlas/Item_14206,,Item_Info_14206
14207_0,Item_14207,7,142,0,0,700,111,1,630,1=1,UIItemIconAtlas/Item_14207,,Item_Info_14207
14207_1,Item_14207,8,142,1,1,800,111,1,631,1=1,UIItemIconAtlas/Item_14207,,Item_Info_14207
14207_2,Item_14207,9,142,2,2,900,111,1,632,1=1,UIItemIconAtlas/Item_14207,,Item_Info_14207
14207_3,Item_14207,10,142,3,3,1000,111,1,633,1=1,UIItemIconAtlas/Item_14207,,Item_Info_14207
14207_4,Item_14207,11,142,4,4,1100,111,1,634,1=1,UIItemIconAtlas/Item_14207,,Item_Info_14207
14208_0,Item_14208,8,142,0,0,800,111,1,635,1=1,UIItemIconAtlas/Item_14208,,Item_Info_14208
14208_1,Item_14208,9,142,1,1,900,111,1,636,1=1,UIItemIconAtlas/Item_14208,,Item_Info_14208
14208_2,Item_14208,10,142,2,2,1000,111,1,637,1=1,UIItemIconAtlas/Item_14208,,Item_Info_14208
14208_3,Item_14208,11,142,3,3,1100,111,1,638,1=1,UIItemIconAtlas/Item_14208,,Item_Info_14208
14208_4,Item_14208,12,142,4,4,1200,111,1,639,1=1,UIItemIconAtlas/Item_14208,,Item_Info_14208
14209_0,Item_14209,9,142,0,0,900,111,1,640,1=1,UIItemIconAtlas/Item_14209,,Item_Info_14209
14209_1,Item_14209,10,142,1,1,1000,111,1,641,1=1,UIItemIconAtlas/Item_14209,,Item_Info_14209
14209_2,Item_14209,11,142,2,2,1100,111,1,642,1=1,UIItemIconAtlas/Item_14209,,Item_Info_14209
14209_3,Item_14209,12,142,3,3,1200,111,1,643,1=1,UIItemIconAtlas/Item_14209,,Item_Info_14209
14209_4,Item_14209,13,142,4,4,1300,111,1,644,1=1,UIItemIconAtlas/Item_14209,,Item_Info_14209
14210_0,Item_14210,10,142,0,0,1000,111,1,645,1=1,UIItemIconAtlas/Item_14210,,Item_Info_14210
14210_1,Item_14210,11,142,1,1,1100,111,1,646,1=1,UIItemIconAtlas/Item_14210,,Item_Info_14210
14210_2,Item_14210,12,142,2,2,1200,111,1,647,1=1,UIItemIconAtlas/Item_14210,,Item_Info_14210
14210_3,Item_14210,13,142,3,3,1300,111,1,648,1=1,UIItemIconAtlas/Item_14210,,Item_Info_14210
14210_4,Item_14210,14,142,4,4,1400,111,1,649,1=1,UIItemIconAtlas/Item_14210,,Item_Info_14210
14301_0,Item_14301,1,143,0,0,100,111,1,650,1=1,UIItemIconAtlas/Item_14301,,Item_Info_14301
14301_1,Item_14301,2,143,1,1,200,111,1,651,1=1,UIItemIconAtlas/Item_14301,,Item_Info_14301
14301_2,Item_14301,3,143,2,2,300,111,1,652,1=1,UIItemIconAtlas/Item_14301,,Item_Info_14301
14301_3,Item_14301,4,143,3,3,400,111,1,653,1=1,UIItemIconAtlas/Item_14301,,Item_Info_14301
14301_4,Item_14301,5,143,4,4,500,111,1,654,1=1,UIItemIconAtlas/Item_14301,,Item_Info_14301
14302_0,Item_14302,2,143,0,0,200,111,1,655,1=1,UIItemIconAtlas/Item_14302,,Item_Info_14302
14302_1,Item_14302,3,143,1,1,300,111,1,656,1=1,UIItemIconAtlas/Item_14302,,Item_Info_14302
14302_2,Item_14302,4,143,2,2,400,111,1,657,1=1,UIItemIconAtlas/Item_14302,,Item_Info_14302
14302_3,Item_14302,5,143,3,3,500,111,1,658,1=1,UIItemIconAtlas/Item_14302,,Item_Info_14302
14302_4,Item_14302,6,143,4,4,600,111,1,659,1=1,UIItemIconAtlas/Item_14302,,Item_Info_14302
14303_0,Item_14303,3,143,0,0,300,111,1,660,1=1,UIItemIconAtlas/Item_14303,,Item_Info_14303
14303_1,Item_14303,4,143,1,1,400,111,1,661,1=1,UIItemIconAtlas/Item_14303,,Item_Info_14303
14303_2,Item_14303,5,143,2,2,500,111,1,662,1=1,UIItemIconAtlas/Item_14303,,Item_Info_14303
14303_3,Item_14303,6,143,3,3,600,111,1,663,1=1,UIItemIconAtlas/Item_14303,,Item_Info_14303
14303_4,Item_14303,7,143,4,4,700,111,1,664,1=1,UIItemIconAtlas/Item_14303,,Item_Info_14303
14304_0,Item_14304,4,143,0,0,400,111,1,665,1=1,UIItemIconAtlas/Item_14304,,Item_Info_14304
14304_1,Item_14304,5,143,1,1,500,111,1,666,1=1,UIItemIconAtlas/Item_14304,,Item_Info_14304
14304_2,Item_14304,6,143,2,2,600,111,1,667,1=1,UIItemIconAtlas/Item_14304,,Item_Info_14304
14304_3,Item_14304,7,143,3,3,700,111,1,668,1=1,UIItemIconAtlas/Item_14304,,Item_Info_14304
14304_4,Item_14304,8,143,4,4,800,111,1,669,1=1,UIItemIconAtlas/Item_14304,,Item_Info_14304
14305_0,Item_14305,5,143,0,0,500,111,1,670,1=1,UIItemIconAtlas/Item_14305,,Item_Info_14305
14305_1,Item_14305,6,143,1,1,600,111,1,671,1=1,UIItemIconAtlas/Item_14305,,Item_Info_14305
14305_2,Item_14305,7,143,2,2,700,111,1,672,1=1,UIItemIconAtlas/Item_14305,,Item_Info_14305
14305_3,Item_14305,8,143,3,3,800,111,1,673,1=1,UIItemIconAtlas/Item_14305,,Item_Info_14305
14305_4,Item_14305,9,143,4,4,900,111,1,674,1=1,UIItemIconAtlas/Item_14305,,Item_Info_14305
14306_0,Item_14306,6,143,0,0,600,111,1,675,1=1,UIItemIconAtlas/Item_14306,,Item_Info_14306
14306_1,Item_14306,7,143,1,1,700,111,1,676,1=1,UIItemIconAtlas/Item_14306,,Item_Info_14306
14306_2,Item_14306,8,143,2,2,800,111,1,677,1=1,UIItemIconAtlas/Item_14306,,Item_Info_14306
14306_3,Item_14306,9,143,3,3,900,111,1,678,1=1,UIItemIconAtlas/Item_14306,,Item_Info_14306
14306_4,Item_14306,10,143,4,4,1000,111,1,679,1=1,UIItemIconAtlas/Item_14306,,Item_Info_14306
14307_0,Item_14307,7,143,0,0,700,111,1,680,1=1,UIItemIconAtlas/Item_14307,,Item_Info_14307
14307_1,Item_14307,8,143,1,1,800,111,1,681,1=1,UIItemIconAtlas/Item_14307,,Item_Info_14307
14307_2,Item_14307,9,143,2,2,900,111,1,682,1=1,UIItemIconAtlas/Item_14307,,Item_Info_14307
14307_3,Item_14307,10,143,3,3,1000,111,1,683,1=1,UIItemIconAtlas/Item_14307,,Item_Info_14307
14307_4,Item_14307,11,143,4,4,1100,111,1,684,1=1,UIItemIconAtlas/Item_14307,,Item_Info_14307
14308_0,Item_14308,8,143,0,0,800,111,1,685,1=1,UIItemIconAtlas/Item_14308,,Item_Info_14308
14308_1,Item_14308,9,143,1,1,900,111,1,686,1=1,UIItemIconAtlas/Item_14308,,Item_Info_14308
14308_2,Item_14308,10,143,2,2,1000,111,1,687,1=1,UIItemIconAtlas/Item_14308,,Item_Info_14308
14308_3,Item_14308,11,143,3,3,1100,111,1,688,1=1,UIItemIconAtlas/Item_14308,,Item_Info_14308
14308_4,Item_14308,12,143,4,4,1200,111,1,689,1=1,UIItemIconAtlas/Item_14308,,Item_Info_14308
14309_0,Item_14309,9,143,0,0,900,111,1,690,1=1,UIItemIconAtlas/Item_14309,,Item_Info_14309
14309_1,Item_14309,10,143,1,1,1000,111,1,691,1=1,UIItemIconAtlas/Item_14309,,Item_Info_14309
14309_2,Item_14309,11,143,2,2,1100,111,1,692,1=1,UIItemIconAtlas/Item_14309,,Item_Info_14309
14309_3,Item_14309,12,143,3,3,1200,111,1,693,1=1,UIItemIconAtlas/Item_14309,,Item_Info_14309
14309_4,Item_14309,13,143,4,4,1300,111,1,694,1=1,UIItemIconAtlas/Item_14309,,Item_Info_14309
14310_0,Item_14310,10,143,0,0,1000,111,1,695,1=1,UIItemIconAtlas/Item_14310,,Item_Info_14310
14310_1,Item_14310,11,143,1,1,1100,111,1,696,1=1,UIItemIconAtlas/Item_14310,,Item_Info_14310
14310_2,Item_14310,12,143,2,2,1200,111,1,697,1=1,UIItemIconAtlas/Item_14310,,Item_Info_14310
14310_3,Item_14310,13,143,3,3,1300,111,1,698,1=1,UIItemIconAtlas/Item_14310,,Item_Info_14310
14310_4,Item_14310,14,143,4,4,1400,111,1,699,1=1,UIItemIconAtlas/Item_14310,,Item_Info_14310
20101,Item_20101,1,200,0,0,1400,111,999,700,1=1,UIItemIconAtlas/Item_20101,,Item_Info_20101
20102,Item_20102,2,200,0,0,1400,111,999,701,1=1,UIItemIconAtlas/Item_20102,,Item_Info_20102
20103,Item_20103,3,200,0,0,1400,111,999,702,1=1,UIItemIconAtlas/Item_20103,,Item_Info_20103
20104,Item_20104,4,200,0,0,1400,111,999,703,1=1,UIItemIconAtlas/Item_20104,,Item_Info_20104
20105,Item_20105,5,200,0,0,1400,111,999,704,1=1,UIItemIconAtlas/Item_20105,,Item_Info_20105
20106,Item_20106,6,200,0,0,1400,111,999,705,1=1,UIItemIconAtlas/Item_20106,,Item_Info_20106
20107,Item_20107,7,200,0,0,1400,111,999,706,1=1,UIItemIconAtlas/Item_20107,,Item_Info_20107
20108,Item_20108,8,200,0,0,1400,111,999,707,1=1,UIItemIconAtlas/Item_20108,,Item_Info_20108
20109,Item_20109,9,200,0,0,1400,111,999,708,1=1,UIItemIconAtlas/Item_20109,,Item_Info_20109
20110,Item_20110,10,200,0,0,1400,111,999,709,1=1,UIItemIconAtlas/Item_20110,,Item_Info_20110
20201,Item_20201,1,200,0,0,1400,111,999,710,1=1,UIItemIconAtlas/Item_20201,,Item_Info_20201
20202,Item_20202,2,200,0,0,1400,111,999,711,1=1,UIItemIconAtlas/Item_20202,,Item_Info_20202
20203,Item_20203,3,200,0,0,1400,111,999,712,1=1,UIItemIconAtlas/Item_20203,,Item_Info_20203
20204,Item_20204,4,200,0,0,1400,111,999,713,1=1,UIItemIconAtlas/Item_20204,,Item_Info_20204
20205,Item_20205,5,200,0,0,1400,111,999,714,1=1,UIItemIconAtlas/Item_20205,,Item_Info_20205
20206,Item_20206,6,200,0,0,1400,111,999,715,1=1,UIItemIconAtlas/Item_20206,,Item_Info_20206
20207,Item_20207,7,200,0,0,1400,111,999,716,1=1,UIItemIconAtlas/Item_20207,,Item_Info_20207
20208,Item_20208,8,200,0,0,1400,111,999,717,1=1,UIItemIconAtlas/Item_20208,,Item_Info_20208
20209,Item_20209,9,200,0,0,1400,111,999,718,1=1,UIItemIconAtlas/Item_20209,,Item_Info_20209
20210,Item_20210,10,200,0,0,1400,111,999,719,1=1,UIItemIconAtlas/Item_20210,,Item_Info_20210
20301,Item_20301,1,200,0,0,1400,111,999,720,1=1,UIItemIconAtlas/Item_30901,,Item_Info_20301
20302,Item_20302,2,200,0,0,1400,111,999,721,1=1,UIItemIconAtlas/Item_30902,,Item_Info_20302
20303,Item_20303,3,200,0,0,1400,111,999,722,1=1,UIItemIconAtlas/Item_30903,,Item_Info_20303
20304,Item_20304,4,200,0,0,1400,111,999,723,1=1,UIItemIconAtlas/Item_30904,,Item_Info_20304
20305,Item_20305,5,200,0,0,1400,111,999,724,1=1,UIItemIconAtlas/Item_30905,,Item_Info_20305
20306,Item_20306,6,200,0,0,1400,111,999,725,1=1,UIItemIconAtlas/Item_30906,,Item_Info_20306
20307,Item_20307,7,200,0,0,1400,111,999,726,1=1,UIItemIconAtlas/Item_30907,,Item_Info_20307
20308,Item_20308,8,200,0,0,1400,111,999,727,1=1,UIItemIconAtlas/Item_30908,,Item_Info_20308
20309,Item_20309,9,200,0,0,1400,111,999,728,1=1,UIItemIconAtlas/Item_30909,,Item_Info_20309
20310,Item_20310,10,200,0,0,1400,111,999,729,1=1,UIItemIconAtlas/Item_30910,,Item_Info_20310
20401,Item_20401,1,200,0,0,1400,111,999,730,1=1,UIItemIconAtlas/Item_20401,,Item_Info_20401
20402,Item_20402,2,200,0,0,1400,111,999,731,1=1,UIItemIconAtlas/Item_20402,,Item_Info_20402
20403,Item_20403,3,200,0,0,1400,111,999,732,1=1,UIItemIconAtlas/Item_20403,,Item_Info_20403
20404,Item_20404,4,200,0,0,1400,111,999,733,1=1,UIItemIconAtlas/Item_20404,,Item_Info_20404
20405,Item_20405,5,200,0,0,1400,111,999,734,1=1,UIItemIconAtlas/Item_20405,,Item_Info_20405
20406,Item_20406,6,200,0,0,1400,111,999,735,1=1,UIItemIconAtlas/Item_20406,,Item_Info_20406
20407,Item_20407,7,200,0,0,1400,111,999,736,1=1,UIItemIconAtlas/Item_20407,,Item_Info_20407
20408,Item_20408,8,200,0,0,1400,111,999,737,1=1,UIItemIconAtlas/Item_20408,,Item_Info_20408
20409,Item_20409,9,200,0,0,1400,111,999,738,1=1,UIItemIconAtlas/Item_20409,,Item_Info_20409
20410,Item_20410,10,200,0,0,1400,111,999,739,1=1,UIItemIconAtlas/Item_20410,,Item_Info_20410
20501,Item_20501,1,200,0,0,1400,111,999,740,1=1,UIItemIconAtlas/Item_20501,,Item_Info_20501
20502,Item_20502,2,200,0,0,1400,111,999,741,1=1,UIItemIconAtlas/Item_20502,,Item_Info_20502
20503,Item_20503,3,200,0,0,1400,111,999,742,1=1,UIItemIconAtlas/Item_20503,,Item_Info_20503
20504,Item_20504,4,200,0,0,1400,111,999,743,1=1,UIItemIconAtlas/Item_20504,,Item_Info_20504
20505,Item_20505,5,200,0,0,1400,111,999,744,1=1,UIItemIconAtlas/Item_20505,,Item_Info_20505
20506,Item_20506,6,200,0,0,1400,111,999,745,1=1,UIItemIconAtlas/Item_20506,,Item_Info_20506
20507,Item_20507,7,200,0,0,1400,111,999,746,1=1,UIItemIconAtlas/Item_20507,,Item_Info_20507
20508,Item_20508,8,200,0,0,1400,111,999,747,1=1,UIItemIconAtlas/Item_20508,,Item_Info_20508
20509,Item_20509,9,200,0,0,1400,111,999,748,1=1,UIItemIconAtlas/Item_20509,,Item_Info_20509
20510,Item_20510,10,200,0,0,1400,111,999,749,1=1,UIItemIconAtlas/Item_20510,,Item_Info_20510
30001,Item_30001,1,300,0,0,1400,111,999,750,1=1,UIItemIconAtlas/Item_30001,,Item_Info_30001
30002,Item_30002,1,300,0,0,1400,111,999,751,1=1,UIItemIconAtlas/Item_30002,,Item_Info_30002
30003,Item_30003,1,300,0,0,1400,111,999,752,1=1,UIItemIconAtlas/Item_30003,,Item_Info_30003
30004,Item_30004,1,300,0,0,1400,111,999,753,1=1,UIItemIconAtlas/Item_30004,,Item_Info_30004
30005,Item_30005,1,300,0,0,1400,111,999,754,1=1,UIItemIconAtlas/Item_30005,,Item_Info_30005
30006,Item_30006,1,300,0,0,1400,111,999,755,1=1,UIItemIconAtlas/Item_30006,,Item_Info_30006
30007,Item_30007,1,300,0,0,1400,111,999,756,1=1,UIItemIconAtlas/Item_30007,,Item_Info_30007
30101,Item_30101,1,300,0,0,1400,111,999,757,1=1,UIItemIconAtlas/Item_30101,,Item_Info_30101
30102,Item_30102,2,300,0,0,1400,111,999,758,1=1,UIItemIconAtlas/Item_30102,,Item_Info_30102
30103,Item_30103,3,300,0,0,1400,111,999,759,1=1,UIItemIconAtlas/Item_30103,,Item_Info_30103
30104,Item_30104,4,300,0,0,1400,111,999,760,1=1,UIItemIconAtlas/Item_30104,,Item_Info_30104
30105,Item_30105,5,300,0,0,1400,111,999,761,1=1,UIItemIconAtlas/Item_30105,,Item_Info_30105
30106,Item_30106,6,300,0,0,1400,111,999,762,1=1,UIItemIconAtlas/Item_30106,,Item_Info_30106
30107,Item_30107,7,300,0,0,1400,111,999,763,1=1,UIItemIconAtlas/Item_30107,,Item_Info_30107
30108,Item_30108,8,300,0,0,1400,111,999,764,1=1,UIItemIconAtlas/Item_30108,,Item_Info_30108
30109,Item_30109,9,300,0,0,1400,111,999,765,1=1,UIItemIconAtlas/Item_30109,,Item_Info_30109
30110,Item_30110,10,300,0,0,1400,111,999,766,1=1,UIItemIconAtlas/Item_30110,,Item_Info_30110
30201,Item_30201,1,300,0,0,1400,111,999,767,1=1,UIItemIconAtlas/Item_30201,,Item_Info_30201
30202,Item_30202,2,300,0,0,1400,111,999,768,1=1,UIItemIconAtlas/Item_30202,,Item_Info_30202
30203,Item_30203,3,300,0,0,1400,111,999,769,1=1,UIItemIconAtlas/Item_30203,,Item_Info_30203
30204,Item_30204,4,300,0,0,1400,111,999,770,1=1,UIItemIconAtlas/Item_30204,,Item_Info_30204
30205,Item_30205,5,300,0,0,1400,111,999,771,1=1,UIItemIconAtlas/Item_30205,,Item_Info_30205
30206,Item_30206,6,300,0,0,1400,111,999,772,1=1,UIItemIconAtlas/Item_30206,,Item_Info_30206
30207,Item_30207,7,300,0,0,1400,111,999,773,1=1,UIItemIconAtlas/Item_30207,,Item_Info_30207
30208,Item_30208,8,300,0,0,1400,111,999,774,1=1,UIItemIconAtlas/Item_30208,,Item_Info_30208
30209,Item_30209,9,300,0,0,1400,111,999,775,1=1,UIItemIconAtlas/Item_30209,,Item_Info_30209
30210,Item_30210,10,300,0,0,1400,111,999,776,1=1,UIItemIconAtlas/Item_30210,,Item_Info_30210
30301,Item_30301,1,300,0,0,1400,111,999,777,1=1,UIItemIconAtlas/Item_30301,,Item_Info_30301
30302,Item_30302,2,300,0,0,1400,111,999,778,1=1,UIItemIconAtlas/Item_30302,,Item_Info_30302
30303,Item_30303,3,300,0,0,1400,111,999,779,1=1,UIItemIconAtlas/Item_30303,,Item_Info_30303
30304,Item_30304,4,300,0,0,1400,111,999,780,1=1,UIItemIconAtlas/Item_30304,,Item_Info_30304
30305,Item_30305,5,300,0,0,1400,111,999,781,1=1,UIItemIconAtlas/Item_30305,,Item_Info_30305
30306,Item_30306,6,300,0,0,1400,111,999,782,1=1,UIItemIconAtlas/Item_30306,,Item_Info_30306
30307,Item_30307,7,300,0,0,1400,111,999,783,1=1,UIItemIconAtlas/Item_30307,,Item_Info_30307
30308,Item_30308,8,300,0,0,1400,111,999,784,1=1,UIItemIconAtlas/Item_30308,,Item_Info_30308
30309,Item_30309,9,300,0,0,1400,111,999,785,1=1,UIItemIconAtlas/Item_30309,,Item_Info_30309
30310,Item_30310,10,300,0,0,1400,111,999,786,1=1,UIItemIconAtlas/Item_30310,,Item_Info_30310
30401,Item_30401,1,300,0,0,1400,111,999,787,1=1,UIItemIconAtlas/Item_30301,,Item_Info_30401
30402,Item_30402,2,300,0,0,1400,111,999,788,1=1,UIItemIconAtlas/Item_30302,,Item_Info_30402
30403,Item_30403,3,300,0,0,1400,111,999,789,1=1,UIItemIconAtlas/Item_30303,,Item_Info_30403
30404,Item_30404,4,300,0,0,1400,111,999,790,1=1,UIItemIconAtlas/Item_30304,,Item_Info_30404
30405,Item_30405,5,300,0,0,1400,111,999,791,1=1,UIItemIconAtlas/Item_30305,,Item_Info_30405
30406,Item_30406,6,300,0,0,1400,111,999,792,1=1,UIItemIconAtlas/Item_30306,,Item_Info_30406
30407,Item_30407,7,300,0,0,1400,111,999,793,1=1,UIItemIconAtlas/Item_30307,,Item_Info_30407
30408,Item_30408,8,300,0,0,1400,111,999,794,1=1,UIItemIconAtlas/Item_30308,,Item_Info_30408
30409,Item_30409,9,300,0,0,1400,111,999,795,1=1,UIItemIconAtlas/Item_30309,,Item_Info_30409
30410,Item_30410,10,300,0,0,1400,111,999,796,1=1,UIItemIconAtlas/Item_30310,,Item_Info_30410
30501,Item_30501,1,300,0,0,1400,111,999,797,1=1,UIItemIconAtlas/Item_30501,,Item_Info_30501
30502,Item_30502,2,300,0,0,1400,111,999,798,1=1,UIItemIconAtlas/Item_30502,,Item_Info_30502
30503,Item_30503,3,300,0,0,1400,111,999,799,1=1,UIItemIconAtlas/Item_30503,,Item_Info_30503
30504,Item_30504,4,300,0,0,1400,111,999,800,1=1,UIItemIconAtlas/Item_30504,,Item_Info_30504
30505,Item_30505,5,300,0,0,1400,111,999,801,1=1,UIItemIconAtlas/Item_30505,,Item_Info_30505
30506,Item_30506,6,300,0,0,1400,111,999,802,1=1,UIItemIconAtlas/Item_30506,,Item_Info_30506
30507,Item_30507,7,300,0,0,1400,111,999,803,1=1,UIItemIconAtlas/Item_30507,,Item_Info_30507
30508,Item_30508,8,300,0,0,1400,111,999,804,1=1,UIItemIconAtlas/Item_30508,,Item_Info_30508
30509,Item_30509,9,300,0,0,1400,111,999,805,1=1,UIItemIconAtlas/Item_30509,,Item_Info_30509
30510,Item_30510,10,300,0,0,1400,111,999,806,1=1,UIItemIconAtlas/Item_30510,,Item_Info_30510
30601,Item_30601,1,300,0,0,1400,111,999,807,1=1,UIItemIconAtlas/Item_30601,,Item_Info_30601
30602,Item_30602,2,300,0,0,1400,111,999,808,1=1,UIItemIconAtlas/Item_30602,,Item_Info_30602
30603,Item_30603,3,300,0,0,1400,111,999,809,1=1,UIItemIconAtlas/Item_30603,,Item_Info_30603
30604,Item_30604,4,300,0,0,1400,111,999,810,1=1,UIItemIconAtlas/Item_30604,,Item_Info_30604
30605,Item_30605,5,300,0,0,1400,111,999,811,1=1,UIItemIconAtlas/Item_30605,,Item_Info_30605
30606,Item_30606,6,300,0,0,1400,111,999,812,1=1,UIItemIconAtlas/Item_30606,,Item_Info_30606
30607,Item_30607,7,300,0,0,1400,111,999,813,1=1,UIItemIconAtlas/Item_30607,,Item_Info_30607
30608,Item_30608,8,300,0,0,1400,111,999,814,1=1,UIItemIconAtlas/Item_30608,,Item_Info_30608
30609,Item_30609,9,300,0,0,1400,111,999,815,1=1,UIItemIconAtlas/Item_30609,,Item_Info_30609
30610,Item_30610,10,300,0,0,1400,111,999,816,1=1,UIItemIconAtlas/Item_30610,,Item_Info_30610
30701,Item_30701,1,300,0,0,1400,111,999,817,1=1,UIItemIconAtlas/Item_30701,,Item_Info_30701
30702,Item_30702,2,300,0,0,1400,111,999,818,1=1,UIItemIconAtlas/Item_30702,,Item_Info_30702
30703,Item_30703,3,300,0,0,1400,111,999,819,1=1,UIItemIconAtlas/Item_30703,,Item_Info_30703
30704,Item_30704,4,300,0,0,1400,111,999,820,1=1,UIItemIconAtlas/Item_30704,,Item_Info_30704
30705,Item_30705,5,300,0,0,1400,111,999,821,1=1,UIItemIconAtlas/Item_30705,,Item_Info_30705
30706,Item_30706,6,300,0,0,1400,111,999,822,1=1,UIItemIconAtlas/Item_30701,,Item_Info_30706
30707,Item_30707,7,300,0,0,1400,111,999,823,1=1,UIItemIconAtlas/Item_30702,,Item_Info_30707
30708,Item_30708,8,300,0,0,1400,111,999,824,1=1,UIItemIconAtlas/Item_30703,,Item_Info_30708
30709,Item_30709,9,300,0,0,1400,111,999,825,1=1,UIItemIconAtlas/Item_30704,,Item_Info_30709
30710,Item_30710,10,300,0,0,1400,111,999,826,1=1,UIItemIconAtlas/Item_30705,,Item_Info_30710
30801,Item_30801,1,300,0,0,1400,111,999,827,1=1,UIItemIconAtlas/Item_30801,,Item_Info_30801
30802,Item_30802,1,300,0,0,1400,111,999,828,1=1,UIItemIconAtlas/Item_30802,,Item_Info_30802
30803,Item_30803,1,300,0,0,1400,111,999,829,1=1,UIItemIconAtlas/Item_30803,,Item_Info_30803
30804,Item_30804,1,300,0,0,1400,111,999,830,1=1,UIItemIconAtlas/Item_30804,,Item_Info_30804
30901,Item_30901,1,300,0,0,1400,111,999,831,1=1,UIItemIconAtlas/Item_30901,,Item_Info_30901
30902,Item_30902,2,300,0,0,1400,111,999,832,1=1,UIItemIconAtlas/Item_30902,,Item_Info_30902
30903,Item_30903,3,300,0,0,1400,111,999,833,1=1,UIItemIconAtlas/Item_30903,,Item_Info_30903
30904,Item_30904,4,300,0,0,1400,111,999,834,1=1,UIItemIconAtlas/Item_30904,,Item_Info_30904
30905,Item_30905,5,300,0,0,1400,111,999,835,1=1,UIItemIconAtlas/Item_30905,,Item_Info_30905
30906,Item_30906,6,300,0,0,1400,111,999,836,1=1,UIItemIconAtlas/Item_30906,,Item_Info_30906
30907,Item_30907,7,300,0,0,1400,111,999,837,1=1,UIItemIconAtlas/Item_30907,,Item_Info_30907
30908,Item_30908,8,300,0,0,1400,111,999,838,1=1,UIItemIconAtlas/Item_30908,,Item_Info_30908
30909,Item_30909,9,300,0,0,1400,111,999,839,1=1,UIItemIconAtlas/Item_30909,,Item_Info_30909
30910,Item_30910,10,300,0,0,1400,111,999,840,1=1,UIItemIconAtlas/Item_30910,,Item_Info_30910
31001,Item_31001,1,300,0,0,1400,111,999,841,1=1,UIItemIconAtlas/Item_31001,,Item_Info_31001
31002,Item_31002,2,300,0,0,1400,111,999,842,1=1,UIItemIconAtlas/Item_31002,,Item_Info_31002
31003,Item_31003,3,300,0,0,1400,111,999,843,1=1,UIItemIconAtlas/Item_31003,,Item_Info_31003
31004,Item_31004,4,300,0,0,1400,111,999,844,1=1,UIItemIconAtlas/Item_31004,,Item_Info_31004
31005,Item_31005,5,300,0,0,1400,111,999,845,1=1,UIItemIconAtlas/Item_31005,,Item_Info_31005
31006,Item_31006,6,300,0,0,1400,111,999,846,1=1,UIItemIconAtlas/Item_31006,,Item_Info_31006
31007,Item_31007,7,300,0,0,1400,111,999,847,1=1,UIItemIconAtlas/Item_31007,,Item_Info_31007
31008,Item_31008,8,300,0,0,1400,111,999,848,1=1,UIItemIconAtlas/Item_31008,,Item_Info_31008
31009,Item_31009,9,300,0,0,1400,111,999,849,1=1,UIItemIconAtlas/Item_31009,,Item_Info_31009
31010,Item_31010,10,300,0,0,1400,111,999,850,1=1,UIItemIconAtlas/Item_31010,,Item_Info_31010
